subject,source,part,file,length
bc,cctv,00,cctv_0001.v4_gold_conll,235
bc,cctv,00,cctv_0002.v4_gold_conll,514
bc,cctv,00,cctv_0003.v4_gold_conll,434
bc,cctv,00,cctv_0004.v4_gold_conll,494
bc,cnn,00,cnn_0001.v4_gold_conll,706
bc,cnn,00,cnn_0002.v4_gold_conll,721
bc,cnn,00,cnn_0003.v4_gold_conll,659
bc,cnn,00,cnn_0004.v4_gold_conll,669
bc,cnn,00,cnn_0005.v4_gold_conll,507
bc,cnn,00,cnn_0006.v4_gold_conll,506
bc,cnn,00,cnn_0007.v4_gold_conll,307
bc,msnbc,00,msnbc_0001.v4_gold_conll,565
bc,msnbc,00,msnbc_0002.v4_gold_conll,761
bc,msnbc,00,msnbc_0003.v4_gold_conll,724
bc,msnbc,00,msnbc_0004.v4_gold_conll,657
bc,msnbc,00,msnbc_0005.v4_gold_conll,660
bc,msnbc,00,msnbc_0006.v4_gold_conll,799
bc,phoenix,00,phoenix_0001.v4_gold_conll,258
bc,phoenix,00,phoenix_0002.v4_gold_conll,253
bn,abc,00,abc_0001.v4_gold_conll,26
bn,abc,00,abc_0002.v4_gold_conll,24
bn,abc,00,abc_0003.v4_gold_conll,24
bn,abc,00,abc_0004.v4_gold_conll,21
bn,abc,00,abc_0005.v4_gold_conll,21
bn,abc,00,abc_0006.v4_gold_conll,3
bn,abc,00,abc_0007.v4_gold_conll,19
bn,abc,00,abc_0008.v4_gold_conll,1
bn,abc,00,abc_0011.v4_gold_conll,2
bn,abc,00,abc_0012.v4_gold_conll,1
bn,abc,00,abc_0013.v4_gold_conll,18
bn,abc,00,abc_0014.v4_gold_conll,36
bn,abc,00,abc_0015.v4_gold_conll,28
bn,abc,00,abc_0016.v4_gold_conll,19
bn,abc,00,abc_0017.v4_gold_conll,24
bn,abc,00,abc_0018.v4_gold_conll,22
bn,abc,00,abc_0021.v4_gold_conll,19
bn,abc,00,abc_0022.v4_gold_conll,12
bn,abc,00,abc_0023.v4_gold_conll,29
bn,abc,00,abc_0024.v4_gold_conll,4
bn,abc,00,abc_0025.v4_gold_conll,22
bn,abc,00,abc_0026.v4_gold_conll,16
bn,abc,00,abc_0027.v4_gold_conll,34
bn,abc,00,abc_0028.v4_gold_conll,24
bn,abc,00,abc_0031.v4_gold_conll,3
bn,abc,00,abc_0032.v4_gold_conll,3
bn,abc,00,abc_0033.v4_gold_conll,3
bn,abc,00,abc_0034.v4_gold_conll,19
bn,abc,00,abc_0035.v4_gold_conll,35
bn,abc,00,abc_0036.v4_gold_conll,4
bn,abc,00,abc_0037.v4_gold_conll,1
bn,abc,00,abc_0038.v4_gold_conll,42
bn,abc,00,abc_0041.v4_gold_conll,25
bn,abc,00,abc_0042.v4_gold_conll,22
bn,abc,00,abc_0043.v4_gold_conll,18
bn,abc,00,abc_0044.v4_gold_conll,3
bn,abc,00,abc_0045.v4_gold_conll,4
bn,abc,00,abc_0046.v4_gold_conll,3
bn,abc,00,abc_0047.v4_gold_conll,17
bn,abc,00,abc_0048.v4_gold_conll,18
bn,abc,00,abc_0051.v4_gold_conll,30
bn,abc,00,abc_0052.v4_gold_conll,26
bn,abc,00,abc_0053.v4_gold_conll,23
bn,abc,00,abc_0054.v4_gold_conll,3
bn,abc,00,abc_0055.v4_gold_conll,35
bn,abc,00,abc_0056.v4_gold_conll,33
bn,abc,00,abc_0057.v4_gold_conll,3
bn,abc,00,abc_0058.v4_gold_conll,2
bn,abc,00,abc_0061.v4_gold_conll,2
bn,abc,00,abc_0062.v4_gold_conll,18
bn,abc,00,abc_0063.v4_gold_conll,27
bn,abc,00,abc_0064.v4_gold_conll,23
bn,abc,00,abc_0065.v4_gold_conll,15
bn,abc,00,abc_0066.v4_gold_conll,23
bn,abc,00,abc_0067.v4_gold_conll,16
bn,abc,00,abc_0068.v4_gold_conll,3
bn,cnn,00,cnn_0001.v4_gold_conll,14
bn,cnn,00,cnn_0002.v4_gold_conll,7
bn,cnn,00,cnn_0003.v4_gold_conll,5
bn,cnn,00,cnn_0004.v4_gold_conll,7
bn,cnn,00,cnn_0005.v4_gold_conll,12
bn,cnn,00,cnn_0006.v4_gold_conll,4
bn,cnn,00,cnn_0007.v4_gold_conll,5
bn,cnn,00,cnn_0008.v4_gold_conll,10
bn,cnn,00,cnn_0011.v4_gold_conll,7
bn,cnn,00,cnn_0012.v4_gold_conll,5
bn,cnn,00,cnn_0013.v4_gold_conll,10
bn,cnn,00,cnn_0014.v4_gold_conll,6
bn,cnn,00,cnn_0015.v4_gold_conll,17
bn,cnn,00,cnn_0016.v4_gold_conll,7
bn,cnn,00,cnn_0017.v4_gold_conll,4
bn,cnn,00,cnn_0018.v4_gold_conll,8
bn,cnn,00,cnn_0021.v4_gold_conll,3
bn,cnn,00,cnn_0022.v4_gold_conll,6
bn,cnn,00,cnn_0023.v4_gold_conll,4
bn,cnn,00,cnn_0024.v4_gold_conll,4
bn,cnn,00,cnn_0025.v4_gold_conll,25
bn,cnn,00,cnn_0026.v4_gold_conll,7
bn,cnn,00,cnn_0027.v4_gold_conll,4
bn,cnn,00,cnn_0028.v4_gold_conll,6
bn,cnn,00,cnn_0031.v4_gold_conll,4
bn,cnn,00,cnn_0032.v4_gold_conll,6
bn,cnn,00,cnn_0033.v4_gold_conll,8
bn,cnn,00,cnn_0034.v4_gold_conll,8
bn,cnn,00,cnn_0035.v4_gold_conll,5
bn,cnn,00,cnn_0036.v4_gold_conll,11
bn,cnn,00,cnn_0037.v4_gold_conll,10
bn,cnn,00,cnn_0038.v4_gold_conll,19
bn,cnn,00,cnn_0041.v4_gold_conll,14
bn,cnn,00,cnn_0042.v4_gold_conll,3
bn,cnn,00,cnn_0043.v4_gold_conll,4
bn,cnn,00,cnn_0044.v4_gold_conll,8
bn,cnn,00,cnn_0045.v4_gold_conll,5
bn,cnn,00,cnn_0046.v4_gold_conll,10
bn,cnn,00,cnn_0047.v4_gold_conll,4
bn,cnn,00,cnn_0048.v4_gold_conll,6
bn,cnn,00,cnn_0051.v4_gold_conll,6
bn,cnn,00,cnn_0052.v4_gold_conll,4
bn,cnn,00,cnn_0053.v4_gold_conll,4
bn,cnn,00,cnn_0054.v4_gold_conll,4
bn,cnn,00,cnn_0055.v4_gold_conll,3
bn,cnn,00,cnn_0056.v4_gold_conll,4
bn,cnn,00,cnn_0057.v4_gold_conll,3
bn,cnn,00,cnn_0058.v4_gold_conll,18
bn,cnn,00,cnn_0061.v4_gold_conll,7
bn,cnn,00,cnn_0062.v4_gold_conll,5
bn,cnn,00,cnn_0063.v4_gold_conll,28
bn,cnn,00,cnn_0064.v4_gold_conll,5
bn,cnn,00,cnn_0065.v4_gold_conll,29
bn,cnn,00,cnn_0066.v4_gold_conll,11
bn,cnn,00,cnn_0067.v4_gold_conll,15
bn,cnn,00,cnn_0068.v4_gold_conll,21
bn,cnn,00,cnn_0071.v4_gold_conll,5
bn,cnn,00,cnn_0072.v4_gold_conll,4
bn,cnn,00,cnn_0073.v4_gold_conll,3
bn,cnn,00,cnn_0074.v4_gold_conll,5
bn,cnn,00,cnn_0075.v4_gold_conll,6
bn,cnn,00,cnn_0076.v4_gold_conll,11
bn,cnn,00,cnn_0077.v4_gold_conll,7
bn,cnn,00,cnn_0078.v4_gold_conll,5
bn,cnn,00,cnn_0081.v4_gold_conll,4
bn,cnn,00,cnn_0082.v4_gold_conll,4
bn,cnn,00,cnn_0083.v4_gold_conll,8
bn,cnn,00,cnn_0084.v4_gold_conll,8
bn,cnn,00,cnn_0085.v4_gold_conll,2
bn,cnn,00,cnn_0086.v4_gold_conll,4
bn,cnn,00,cnn_0087.v4_gold_conll,12
bn,cnn,00,cnn_0088.v4_gold_conll,6
bn,cnn,00,cnn_0091.v4_gold_conll,18
bn,cnn,00,cnn_0092.v4_gold_conll,3
bn,cnn,00,cnn_0093.v4_gold_conll,3
bn,cnn,00,cnn_0094.v4_gold_conll,6
bn,cnn,00,cnn_0095.v4_gold_conll,6
bn,cnn,00,cnn_0096.v4_gold_conll,16
bn,cnn,00,cnn_0097.v4_gold_conll,4
bn,cnn,00,cnn_0098.v4_gold_conll,4
bn,cnn,01,cnn_0101.v4_gold_conll,3
bn,cnn,01,cnn_0102.v4_gold_conll,3
bn,cnn,01,cnn_0103.v4_gold_conll,4
bn,cnn,01,cnn_0104.v4_gold_conll,5
bn,cnn,01,cnn_0105.v4_gold_conll,4
bn,cnn,01,cnn_0106.v4_gold_conll,6
bn,cnn,01,cnn_0107.v4_gold_conll,5
bn,cnn,01,cnn_0108.v4_gold_conll,5
bn,cnn,01,cnn_0111.v4_gold_conll,12
bn,cnn,01,cnn_0112.v4_gold_conll,6
bn,cnn,01,cnn_0113.v4_gold_conll,23
bn,cnn,01,cnn_0114.v4_gold_conll,5
bn,cnn,01,cnn_0115.v4_gold_conll,5
bn,cnn,01,cnn_0116.v4_gold_conll,4
bn,cnn,01,cnn_0117.v4_gold_conll,5
bn,cnn,01,cnn_0118.v4_gold_conll,6
bn,cnn,01,cnn_0121.v4_gold_conll,12
bn,cnn,01,cnn_0122.v4_gold_conll,3
bn,cnn,01,cnn_0123.v4_gold_conll,7
bn,cnn,01,cnn_0124.v4_gold_conll,8
bn,cnn,01,cnn_0125.v4_gold_conll,6
bn,cnn,01,cnn_0126.v4_gold_conll,3
bn,cnn,01,cnn_0127.v4_gold_conll,9
bn,cnn,01,cnn_0128.v4_gold_conll,5
bn,cnn,01,cnn_0131.v4_gold_conll,4
bn,cnn,01,cnn_0132.v4_gold_conll,3
bn,cnn,01,cnn_0133.v4_gold_conll,7
bn,cnn,01,cnn_0134.v4_gold_conll,9
bn,cnn,01,cnn_0135.v4_gold_conll,3
bn,cnn,01,cnn_0136.v4_gold_conll,4
bn,cnn,01,cnn_0137.v4_gold_conll,4
bn,cnn,01,cnn_0138.v4_gold_conll,4
bn,cnn,01,cnn_0141.v4_gold_conll,29
bn,cnn,01,cnn_0142.v4_gold_conll,5
bn,cnn,01,cnn_0143.v4_gold_conll,4
bn,cnn,01,cnn_0144.v4_gold_conll,4
bn,cnn,01,cnn_0145.v4_gold_conll,13
bn,cnn,01,cnn_0146.v4_gold_conll,5
bn,cnn,01,cnn_0147.v4_gold_conll,16
bn,cnn,01,cnn_0148.v4_gold_conll,7
bn,cnn,01,cnn_0151.v4_gold_conll,5
bn,cnn,01,cnn_0152.v4_gold_conll,23
bn,cnn,01,cnn_0153.v4_gold_conll,6
bn,cnn,01,cnn_0154.v4_gold_conll,8
bn,cnn,01,cnn_0155.v4_gold_conll,5
bn,cnn,01,cnn_0156.v4_gold_conll,11
bn,cnn,01,cnn_0157.v4_gold_conll,6
bn,cnn,01,cnn_0158.v4_gold_conll,27
bn,cnn,01,cnn_0161.v4_gold_conll,6
bn,cnn,01,cnn_0162.v4_gold_conll,7
bn,cnn,01,cnn_0163.v4_gold_conll,4
bn,cnn,01,cnn_0164.v4_gold_conll,14
bn,cnn,01,cnn_0165.v4_gold_conll,2
bn,cnn,01,cnn_0166.v4_gold_conll,5
bn,cnn,01,cnn_0167.v4_gold_conll,21
bn,cnn,01,cnn_0168.v4_gold_conll,5
bn,cnn,01,cnn_0171.v4_gold_conll,11
bn,cnn,01,cnn_0172.v4_gold_conll,2
bn,cnn,01,cnn_0173.v4_gold_conll,4
bn,cnn,01,cnn_0174.v4_gold_conll,5
bn,cnn,01,cnn_0175.v4_gold_conll,16
bn,cnn,01,cnn_0176.v4_gold_conll,5
bn,cnn,01,cnn_0177.v4_gold_conll,5
bn,cnn,01,cnn_0178.v4_gold_conll,4
bn,cnn,01,cnn_0181.v4_gold_conll,5
bn,cnn,01,cnn_0182.v4_gold_conll,4
bn,cnn,01,cnn_0183.v4_gold_conll,4
bn,cnn,01,cnn_0184.v4_gold_conll,7
bn,cnn,01,cnn_0185.v4_gold_conll,17
bn,cnn,01,cnn_0186.v4_gold_conll,5
bn,cnn,01,cnn_0187.v4_gold_conll,13
bn,cnn,01,cnn_0188.v4_gold_conll,4
bn,cnn,01,cnn_0191.v4_gold_conll,6
bn,cnn,01,cnn_0192.v4_gold_conll,8
bn,cnn,01,cnn_0193.v4_gold_conll,5
bn,cnn,01,cnn_0194.v4_gold_conll,3
bn,cnn,01,cnn_0195.v4_gold_conll,6
bn,cnn,01,cnn_0196.v4_gold_conll,5
bn,cnn,01,cnn_0197.v4_gold_conll,5
bn,cnn,01,cnn_0198.v4_gold_conll,31
bn,cnn,02,cnn_0201.v4_gold_conll,25
bn,cnn,02,cnn_0202.v4_gold_conll,3
bn,cnn,02,cnn_0203.v4_gold_conll,3
bn,cnn,02,cnn_0204.v4_gold_conll,3
bn,cnn,02,cnn_0205.v4_gold_conll,6
bn,cnn,02,cnn_0206.v4_gold_conll,6
bn,cnn,02,cnn_0207.v4_gold_conll,6
bn,cnn,02,cnn_0208.v4_gold_conll,26
bn,cnn,02,cnn_0211.v4_gold_conll,7
bn,cnn,02,cnn_0212.v4_gold_conll,3
bn,cnn,02,cnn_0213.v4_gold_conll,5
bn,cnn,02,cnn_0214.v4_gold_conll,5
bn,cnn,02,cnn_0215.v4_gold_conll,4
bn,cnn,02,cnn_0216.v4_gold_conll,5
bn,cnn,02,cnn_0217.v4_gold_conll,7
bn,cnn,02,cnn_0218.v4_gold_conll,2
bn,cnn,02,cnn_0221.v4_gold_conll,9
bn,cnn,02,cnn_0222.v4_gold_conll,5
bn,cnn,02,cnn_0223.v4_gold_conll,7
bn,cnn,02,cnn_0224.v4_gold_conll,4
bn,cnn,02,cnn_0225.v4_gold_conll,4
bn,cnn,02,cnn_0226.v4_gold_conll,26
bn,cnn,02,cnn_0227.v4_gold_conll,9
bn,cnn,02,cnn_0228.v4_gold_conll,9
bn,cnn,02,cnn_0231.v4_gold_conll,17
bn,cnn,02,cnn_0232.v4_gold_conll,7
bn,cnn,02,cnn_0233.v4_gold_conll,6
bn,cnn,02,cnn_0234.v4_gold_conll,7
bn,cnn,02,cnn_0235.v4_gold_conll,3
bn,cnn,02,cnn_0236.v4_gold_conll,5
bn,cnn,02,cnn_0237.v4_gold_conll,12
bn,cnn,02,cnn_0238.v4_gold_conll,4
bn,cnn,02,cnn_0241.v4_gold_conll,23
bn,cnn,02,cnn_0242.v4_gold_conll,24
bn,cnn,02,cnn_0243.v4_gold_conll,4
bn,cnn,02,cnn_0244.v4_gold_conll,13
bn,cnn,02,cnn_0245.v4_gold_conll,17
bn,cnn,02,cnn_0246.v4_gold_conll,11
bn,cnn,02,cnn_0247.v4_gold_conll,23
bn,cnn,02,cnn_0248.v4_gold_conll,8
bn,cnn,02,cnn_0251.v4_gold_conll,9
bn,cnn,02,cnn_0252.v4_gold_conll,19
bn,cnn,02,cnn_0253.v4_gold_conll,49
bn,cnn,02,cnn_0254.v4_gold_conll,30
bn,cnn,02,cnn_0255.v4_gold_conll,22
bn,cnn,02,cnn_0256.v4_gold_conll,26
bn,cnn,02,cnn_0257.v4_gold_conll,27
bn,cnn,02,cnn_0258.v4_gold_conll,9
bn,cnn,02,cnn_0261.v4_gold_conll,24
bn,cnn,02,cnn_0262.v4_gold_conll,3
bn,cnn,02,cnn_0263.v4_gold_conll,12
bn,cnn,02,cnn_0264.v4_gold_conll,6
bn,cnn,02,cnn_0265.v4_gold_conll,25
bn,cnn,02,cnn_0266.v4_gold_conll,16
bn,cnn,02,cnn_0267.v4_gold_conll,18
bn,cnn,02,cnn_0268.v4_gold_conll,14
bn,cnn,02,cnn_0271.v4_gold_conll,3
bn,cnn,02,cnn_0272.v4_gold_conll,31
bn,cnn,02,cnn_0273.v4_gold_conll,13
bn,cnn,02,cnn_0274.v4_gold_conll,19
bn,cnn,02,cnn_0275.v4_gold_conll,14
bn,cnn,02,cnn_0276.v4_gold_conll,30
bn,cnn,02,cnn_0277.v4_gold_conll,10
bn,cnn,02,cnn_0278.v4_gold_conll,38
bn,cnn,02,cnn_0281.v4_gold_conll,22
bn,cnn,02,cnn_0282.v4_gold_conll,4
bn,cnn,02,cnn_0283.v4_gold_conll,21
bn,cnn,02,cnn_0284.v4_gold_conll,54
bn,cnn,02,cnn_0285.v4_gold_conll,55
bn,cnn,02,cnn_0286.v4_gold_conll,9
bn,cnn,02,cnn_0287.v4_gold_conll,6
bn,cnn,02,cnn_0288.v4_gold_conll,35
bn,cnn,02,cnn_0291.v4_gold_conll,21
bn,cnn,02,cnn_0292.v4_gold_conll,4
bn,cnn,02,cnn_0293.v4_gold_conll,10
bn,cnn,02,cnn_0294.v4_gold_conll,3
bn,cnn,02,cnn_0295.v4_gold_conll,12
bn,cnn,02,cnn_0296.v4_gold_conll,3
bn,cnn,02,cnn_0297.v4_gold_conll,11
bn,cnn,02,cnn_0298.v4_gold_conll,17
bn,cnn,03,cnn_0301.v4_gold_conll,12
bn,cnn,03,cnn_0302.v4_gold_conll,13
bn,cnn,03,cnn_0303.v4_gold_conll,9
bn,cnn,03,cnn_0304.v4_gold_conll,21
bn,cnn,03,cnn_0305.v4_gold_conll,17
bn,cnn,03,cnn_0306.v4_gold_conll,11
bn,cnn,03,cnn_0307.v4_gold_conll,28
bn,cnn,03,cnn_0308.v4_gold_conll,3
bn,cnn,03,cnn_0311.v4_gold_conll,36
bn,cnn,03,cnn_0312.v4_gold_conll,5
bn,cnn,03,cnn_0313.v4_gold_conll,28
bn,cnn,03,cnn_0314.v4_gold_conll,23
bn,cnn,03,cnn_0315.v4_gold_conll,8
bn,cnn,03,cnn_0316.v4_gold_conll,6
bn,cnn,03,cnn_0317.v4_gold_conll,6
bn,cnn,03,cnn_0318.v4_gold_conll,6
bn,cnn,03,cnn_0321.v4_gold_conll,11
bn,cnn,03,cnn_0322.v4_gold_conll,7
bn,cnn,03,cnn_0323.v4_gold_conll,19
bn,cnn,03,cnn_0324.v4_gold_conll,45
bn,cnn,03,cnn_0325.v4_gold_conll,11
bn,cnn,03,cnn_0326.v4_gold_conll,28
bn,cnn,03,cnn_0327.v4_gold_conll,6
bn,cnn,03,cnn_0328.v4_gold_conll,30
bn,cnn,03,cnn_0331.v4_gold_conll,20
bn,cnn,03,cnn_0332.v4_gold_conll,34
bn,cnn,03,cnn_0333.v4_gold_conll,62
bn,cnn,03,cnn_0334.v4_gold_conll,31
bn,cnn,03,cnn_0335.v4_gold_conll,41
bn,cnn,03,cnn_0336.v4_gold_conll,8
bn,cnn,03,cnn_0337.v4_gold_conll,18
bn,cnn,03,cnn_0338.v4_gold_conll,48
bn,cnn,03,cnn_0341.v4_gold_conll,20
bn,cnn,03,cnn_0342.v4_gold_conll,11
bn,cnn,03,cnn_0343.v4_gold_conll,32
bn,cnn,03,cnn_0344.v4_gold_conll,6
bn,cnn,03,cnn_0345.v4_gold_conll,8
bn,cnn,03,cnn_0346.v4_gold_conll,14
bn,cnn,03,cnn_0347.v4_gold_conll,26
bn,cnn,03,cnn_0348.v4_gold_conll,20
bn,cnn,03,cnn_0351.v4_gold_conll,3
bn,cnn,03,cnn_0352.v4_gold_conll,5
bn,cnn,03,cnn_0353.v4_gold_conll,8
bn,cnn,03,cnn_0354.v4_gold_conll,19
bn,cnn,03,cnn_0355.v4_gold_conll,17
bn,cnn,03,cnn_0356.v4_gold_conll,12
bn,cnn,03,cnn_0357.v4_gold_conll,6
bn,cnn,03,cnn_0358.v4_gold_conll,55
bn,cnn,03,cnn_0361.v4_gold_conll,11
bn,cnn,03,cnn_0362.v4_gold_conll,50
bn,cnn,03,cnn_0363.v4_gold_conll,10
bn,cnn,03,cnn_0364.v4_gold_conll,14
bn,cnn,03,cnn_0365.v4_gold_conll,10
bn,cnn,03,cnn_0366.v4_gold_conll,25
bn,cnn,03,cnn_0367.v4_gold_conll,2
bn,cnn,03,cnn_0368.v4_gold_conll,23
bn,cnn,03,cnn_0371.v4_gold_conll,22
bn,cnn,03,cnn_0372.v4_gold_conll,14
bn,cnn,03,cnn_0373.v4_gold_conll,9
bn,cnn,03,cnn_0374.v4_gold_conll,18
bn,cnn,03,cnn_0375.v4_gold_conll,71
bn,cnn,03,cnn_0376.v4_gold_conll,21
bn,cnn,03,cnn_0377.v4_gold_conll,7
bn,cnn,03,cnn_0378.v4_gold_conll,4
bn,cnn,03,cnn_0381.v4_gold_conll,14
bn,cnn,03,cnn_0382.v4_gold_conll,40
bn,cnn,03,cnn_0383.v4_gold_conll,35
bn,cnn,03,cnn_0384.v4_gold_conll,15
bn,cnn,03,cnn_0385.v4_gold_conll,22
bn,cnn,03,cnn_0386.v4_gold_conll,19
bn,cnn,03,cnn_0387.v4_gold_conll,13
bn,cnn,03,cnn_0388.v4_gold_conll,61
bn,cnn,03,cnn_0391.v4_gold_conll,4
bn,cnn,03,cnn_0392.v4_gold_conll,9
bn,cnn,03,cnn_0393.v4_gold_conll,13
bn,cnn,03,cnn_0394.v4_gold_conll,13
bn,cnn,03,cnn_0395.v4_gold_conll,16
bn,cnn,03,cnn_0396.v4_gold_conll,9
bn,cnn,03,cnn_0397.v4_gold_conll,29
bn,cnn,03,cnn_0398.v4_gold_conll,8
bn,cnn,04,cnn_0401.v4_gold_conll,14
bn,cnn,04,cnn_0402.v4_gold_conll,16
bn,cnn,04,cnn_0403.v4_gold_conll,3
bn,cnn,04,cnn_0404.v4_gold_conll,39
bn,cnn,04,cnn_0405.v4_gold_conll,6
bn,cnn,04,cnn_0406.v4_gold_conll,20
bn,cnn,04,cnn_0407.v4_gold_conll,15
bn,cnn,04,cnn_0408.v4_gold_conll,32
bn,cnn,04,cnn_0411.v4_gold_conll,101
bn,cnn,04,cnn_0412.v4_gold_conll,4
bn,cnn,04,cnn_0413.v4_gold_conll,3
bn,cnn,04,cnn_0414.v4_gold_conll,7
bn,cnn,04,cnn_0415.v4_gold_conll,62
bn,cnn,04,cnn_0416.v4_gold_conll,12
bn,cnn,04,cnn_0417.v4_gold_conll,12
bn,cnn,04,cnn_0418.v4_gold_conll,8
bn,cnn,04,cnn_0421.v4_gold_conll,5
bn,cnn,04,cnn_0422.v4_gold_conll,12
bn,cnn,04,cnn_0423.v4_gold_conll,26
bn,cnn,04,cnn_0424.v4_gold_conll,52
bn,cnn,04,cnn_0425.v4_gold_conll,19
bn,cnn,04,cnn_0426.v4_gold_conll,35
bn,cnn,04,cnn_0427.v4_gold_conll,23
bn,cnn,04,cnn_0428.v4_gold_conll,17
bn,cnn,04,cnn_0431.v4_gold_conll,40
bn,cnn,04,cnn_0432.v4_gold_conll,41
bn,cnn,04,cnn_0433.v4_gold_conll,39
bn,cnn,04,cnn_0434.v4_gold_conll,7
bn,cnn,04,cnn_0435.v4_gold_conll,7
bn,cnn,04,cnn_0436.v4_gold_conll,4
bn,cnn,04,cnn_0437.v4_gold_conll,4
bn,mnb,00,mnb_0001.v4_gold_conll,5
bn,mnb,00,mnb_0002.v4_gold_conll,13
bn,mnb,00,mnb_0003.v4_gold_conll,23
bn,mnb,00,mnb_0004.v4_gold_conll,16
bn,mnb,00,mnb_0005.v4_gold_conll,15
bn,mnb,00,mnb_0006.v4_gold_conll,11
bn,mnb,00,mnb_0007.v4_gold_conll,18
bn,mnb,00,mnb_0008.v4_gold_conll,88
bn,mnb,00,mnb_0011.v4_gold_conll,39
bn,mnb,00,mnb_0012.v4_gold_conll,21
bn,mnb,00,mnb_0013.v4_gold_conll,34
bn,mnb,00,mnb_0014.v4_gold_conll,18
bn,mnb,00,mnb_0015.v4_gold_conll,24
bn,mnb,00,mnb_0016.v4_gold_conll,16
bn,mnb,00,mnb_0017.v4_gold_conll,27
bn,mnb,00,mnb_0018.v4_gold_conll,26
bn,mnb,00,mnb_0021.v4_gold_conll,15
bn,mnb,00,mnb_0022.v4_gold_conll,25
bn,mnb,00,mnb_0023.v4_gold_conll,49
bn,mnb,00,mnb_0024.v4_gold_conll,8
bn,mnb,00,mnb_0025.v4_gold_conll,28
bn,nbc,00,nbc_0001.v4_gold_conll,31
bn,nbc,00,nbc_0002.v4_gold_conll,4
bn,nbc,00,nbc_0003.v4_gold_conll,16
bn,nbc,00,nbc_0004.v4_gold_conll,25
bn,nbc,00,nbc_0005.v4_gold_conll,20
bn,nbc,00,nbc_0006.v4_gold_conll,27
bn,nbc,00,nbc_0007.v4_gold_conll,17
bn,nbc,00,nbc_0008.v4_gold_conll,29
bn,nbc,00,nbc_0011.v4_gold_conll,14
bn,nbc,00,nbc_0012.v4_gold_conll,45
bn,nbc,00,nbc_0013.v4_gold_conll,8
bn,nbc,00,nbc_0014.v4_gold_conll,16
bn,nbc,00,nbc_0015.v4_gold_conll,18
bn,nbc,00,nbc_0016.v4_gold_conll,41
bn,nbc,00,nbc_0017.v4_gold_conll,3
bn,nbc,00,nbc_0018.v4_gold_conll,19
bn,nbc,00,nbc_0021.v4_gold_conll,2
bn,nbc,00,nbc_0022.v4_gold_conll,3
bn,nbc,00,nbc_0023.v4_gold_conll,4
bn,nbc,00,nbc_0024.v4_gold_conll,24
bn,nbc,00,nbc_0025.v4_gold_conll,9
bn,nbc,00,nbc_0026.v4_gold_conll,21
bn,nbc,00,nbc_0027.v4_gold_conll,22
bn,nbc,00,nbc_0028.v4_gold_conll,16
bn,nbc,00,nbc_0031.v4_gold_conll,30
bn,nbc,00,nbc_0032.v4_gold_conll,3
bn,nbc,00,nbc_0033.v4_gold_conll,24
bn,nbc,00,nbc_0034.v4_gold_conll,28
bn,nbc,00,nbc_0035.v4_gold_conll,3
bn,nbc,00,nbc_0036.v4_gold_conll,2
bn,nbc,00,nbc_0037.v4_gold_conll,2
bn,nbc,00,nbc_0038.v4_gold_conll,2
bn,pri,00,pri_0001.v4_gold_conll,8
bn,pri,00,pri_0002.v4_gold_conll,8
bn,pri,00,pri_0003.v4_gold_conll,7
bn,pri,00,pri_0004.v4_gold_conll,9
bn,pri,00,pri_0005.v4_gold_conll,45
bn,pri,00,pri_0006.v4_gold_conll,32
bn,pri,00,pri_0007.v4_gold_conll,13
bn,pri,00,pri_0008.v4_gold_conll,4
bn,pri,00,pri_0011.v4_gold_conll,8
bn,pri,00,pri_0012.v4_gold_conll,9
bn,pri,00,pri_0013.v4_gold_conll,7
bn,pri,00,pri_0014.v4_gold_conll,12
bn,pri,00,pri_0015.v4_gold_conll,11
bn,pri,00,pri_0016.v4_gold_conll,38
bn,pri,00,pri_0017.v4_gold_conll,16
bn,pri,00,pri_0018.v4_gold_conll,12
bn,pri,00,pri_0021.v4_gold_conll,30
bn,pri,00,pri_0022.v4_gold_conll,7
bn,pri,00,pri_0023.v4_gold_conll,40
bn,pri,00,pri_0024.v4_gold_conll,3
bn,pri,00,pri_0025.v4_gold_conll,13
bn,pri,00,pri_0026.v4_gold_conll,46
bn,pri,00,pri_0027.v4_gold_conll,43
bn,pri,00,pri_0028.v4_gold_conll,33
bn,pri,00,pri_0031.v4_gold_conll,10
bn,pri,00,pri_0032.v4_gold_conll,11
bn,pri,00,pri_0033.v4_gold_conll,4
bn,pri,00,pri_0034.v4_gold_conll,14
bn,pri,00,pri_0035.v4_gold_conll,38
bn,pri,00,pri_0036.v4_gold_conll,4
bn,pri,00,pri_0037.v4_gold_conll,19
bn,pri,00,pri_0038.v4_gold_conll,43
bn,pri,00,pri_0041.v4_gold_conll,9
bn,pri,00,pri_0042.v4_gold_conll,7
bn,pri,00,pri_0043.v4_gold_conll,18
bn,pri,00,pri_0044.v4_gold_conll,7
bn,pri,00,pri_0045.v4_gold_conll,29
bn,pri,00,pri_0046.v4_gold_conll,9
bn,pri,00,pri_0047.v4_gold_conll,12
bn,pri,00,pri_0048.v4_gold_conll,42
bn,pri,00,pri_0051.v4_gold_conll,11
bn,pri,00,pri_0052.v4_gold_conll,11
bn,pri,00,pri_0053.v4_gold_conll,38
bn,pri,00,pri_0054.v4_gold_conll,3
bn,pri,00,pri_0055.v4_gold_conll,5
bn,pri,00,pri_0056.v4_gold_conll,4
bn,pri,00,pri_0057.v4_gold_conll,6
bn,pri,00,pri_0058.v4_gold_conll,11
bn,pri,00,pri_0061.v4_gold_conll,4
bn,pri,00,pri_0062.v4_gold_conll,10
bn,pri,00,pri_0063.v4_gold_conll,4
bn,pri,00,pri_0064.v4_gold_conll,34
bn,pri,00,pri_0065.v4_gold_conll,9
bn,pri,00,pri_0066.v4_gold_conll,31
bn,pri,00,pri_0067.v4_gold_conll,5
bn,pri,00,pri_0068.v4_gold_conll,4
bn,pri,00,pri_0071.v4_gold_conll,33
bn,pri,00,pri_0072.v4_gold_conll,10
bn,pri,00,pri_0073.v4_gold_conll,24
bn,pri,00,pri_0074.v4_gold_conll,36
bn,pri,00,pri_0075.v4_gold_conll,10
bn,pri,00,pri_0076.v4_gold_conll,43
bn,pri,00,pri_0077.v4_gold_conll,13
bn,pri,00,pri_0078.v4_gold_conll,35
bn,pri,00,pri_0081.v4_gold_conll,11
bn,pri,00,pri_0082.v4_gold_conll,3
bn,pri,00,pri_0083.v4_gold_conll,23
bn,pri,00,pri_0084.v4_gold_conll,30
bn,pri,00,pri_0085.v4_gold_conll,11
bn,pri,00,pri_0086.v4_gold_conll,25
bn,pri,00,pri_0087.v4_gold_conll,2
bn,pri,00,pri_0088.v4_gold_conll,7
bn,pri,00,pri_0091.v4_gold_conll,6
bn,pri,00,pri_0092.v4_gold_conll,4
bn,pri,00,pri_0093.v4_gold_conll,36
bn,pri,00,pri_0094.v4_gold_conll,49
bn,pri,00,pri_0095.v4_gold_conll,3
bn,pri,00,pri_0096.v4_gold_conll,47
bn,pri,00,pri_0097.v4_gold_conll,2
bn,pri,00,pri_0098.v4_gold_conll,8
bn,pri,01,pri_0101.v4_gold_conll,9
bn,pri,01,pri_0102.v4_gold_conll,12
bn,pri,01,pri_0103.v4_gold_conll,42
bn,pri,01,pri_0104.v4_gold_conll,7
bn,pri,01,pri_0105.v4_gold_conll,35
bn,pri,01,pri_0106.v4_gold_conll,43
bn,pri,01,pri_0107.v4_gold_conll,12
bn,pri,01,pri_0108.v4_gold_conll,15
bn,pri,01,pri_0111.v4_gold_conll,7
bn,pri,01,pri_0112.v4_gold_conll,21
bn,voa,00,voa_0001.v4_gold_conll,5
bn,voa,00,voa_0002.v4_gold_conll,2
bn,voa,00,voa_0003.v4_gold_conll,6
bn,voa,00,voa_0004.v4_gold_conll,1
bn,voa,00,voa_0005.v4_gold_conll,11
bn,voa,00,voa_0006.v4_gold_conll,3
bn,voa,00,voa_0007.v4_gold_conll,9
bn,voa,00,voa_0008.v4_gold_conll,4
bn,voa,00,voa_0011.v4_gold_conll,6
bn,voa,00,voa_0012.v4_gold_conll,15
bn,voa,00,voa_0013.v4_gold_conll,4
bn,voa,00,voa_0014.v4_gold_conll,17
bn,voa,00,voa_0015.v4_gold_conll,6
bn,voa,00,voa_0016.v4_gold_conll,3
bn,voa,00,voa_0017.v4_gold_conll,2
bn,voa,00,voa_0018.v4_gold_conll,2
bn,voa,00,voa_0021.v4_gold_conll,28
bn,voa,00,voa_0022.v4_gold_conll,9
bn,voa,00,voa_0023.v4_gold_conll,12
bn,voa,00,voa_0024.v4_gold_conll,15
bn,voa,00,voa_0025.v4_gold_conll,2
bn,voa,00,voa_0026.v4_gold_conll,5
bn,voa,00,voa_0027.v4_gold_conll,9
bn,voa,00,voa_0028.v4_gold_conll,11
bn,voa,00,voa_0031.v4_gold_conll,5
bn,voa,00,voa_0032.v4_gold_conll,15
bn,voa,00,voa_0033.v4_gold_conll,12
bn,voa,00,voa_0034.v4_gold_conll,3
bn,voa,00,voa_0035.v4_gold_conll,8
bn,voa,00,voa_0036.v4_gold_conll,5
bn,voa,00,voa_0037.v4_gold_conll,7
bn,voa,00,voa_0038.v4_gold_conll,15
bn,voa,00,voa_0041.v4_gold_conll,8
bn,voa,00,voa_0042.v4_gold_conll,7
bn,voa,00,voa_0043.v4_gold_conll,1
bn,voa,00,voa_0044.v4_gold_conll,2
bn,voa,00,voa_0045.v4_gold_conll,3
bn,voa,00,voa_0046.v4_gold_conll,5
bn,voa,00,voa_0047.v4_gold_conll,3
bn,voa,00,voa_0048.v4_gold_conll,12
bn,voa,00,voa_0051.v4_gold_conll,3
bn,voa,00,voa_0052.v4_gold_conll,9
bn,voa,00,voa_0053.v4_gold_conll,4
bn,voa,00,voa_0054.v4_gold_conll,8
bn,voa,00,voa_0055.v4_gold_conll,4
bn,voa,00,voa_0056.v4_gold_conll,9
bn,voa,00,voa_0057.v4_gold_conll,2
bn,voa,00,voa_0058.v4_gold_conll,4
bn,voa,00,voa_0061.v4_gold_conll,32
bn,voa,00,voa_0062.v4_gold_conll,5
bn,voa,00,voa_0063.v4_gold_conll,8
bn,voa,00,voa_0064.v4_gold_conll,5
bn,voa,00,voa_0065.v4_gold_conll,2
bn,voa,00,voa_0066.v4_gold_conll,16
bn,voa,00,voa_0067.v4_gold_conll,3
bn,voa,00,voa_0068.v4_gold_conll,3
bn,voa,00,voa_0071.v4_gold_conll,19
bn,voa,00,voa_0072.v4_gold_conll,13
bn,voa,00,voa_0073.v4_gold_conll,9
bn,voa,00,voa_0074.v4_gold_conll,17
bn,voa,00,voa_0075.v4_gold_conll,23
bn,voa,00,voa_0076.v4_gold_conll,7
bn,voa,00,voa_0077.v4_gold_conll,3
bn,voa,00,voa_0078.v4_gold_conll,7
bn,voa,00,voa_0081.v4_gold_conll,25
bn,voa,00,voa_0082.v4_gold_conll,14
bn,voa,00,voa_0083.v4_gold_conll,5
bn,voa,00,voa_0084.v4_gold_conll,4
bn,voa,00,voa_0085.v4_gold_conll,8
bn,voa,00,voa_0086.v4_gold_conll,3
bn,voa,00,voa_0087.v4_gold_conll,4
bn,voa,00,voa_0088.v4_gold_conll,7
bn,voa,00,voa_0091.v4_gold_conll,17
bn,voa,00,voa_0092.v4_gold_conll,5
bn,voa,00,voa_0093.v4_gold_conll,4
bn,voa,00,voa_0094.v4_gold_conll,10
bn,voa,00,voa_0095.v4_gold_conll,4
bn,voa,00,voa_0096.v4_gold_conll,12
bn,voa,00,voa_0097.v4_gold_conll,8
bn,voa,00,voa_0098.v4_gold_conll,3
bn,voa,01,voa_0101.v4_gold_conll,4
bn,voa,01,voa_0102.v4_gold_conll,9
bn,voa,01,voa_0103.v4_gold_conll,3
bn,voa,01,voa_0104.v4_gold_conll,4
bn,voa,01,voa_0105.v4_gold_conll,2
bn,voa,01,voa_0106.v4_gold_conll,3
bn,voa,01,voa_0107.v4_gold_conll,29
bn,voa,01,voa_0108.v4_gold_conll,3
bn,voa,01,voa_0111.v4_gold_conll,2
bn,voa,01,voa_0112.v4_gold_conll,3
bn,voa,01,voa_0113.v4_gold_conll,13
bn,voa,01,voa_0114.v4_gold_conll,19
bn,voa,01,voa_0115.v4_gold_conll,20
bn,voa,01,voa_0116.v4_gold_conll,11
bn,voa,01,voa_0117.v4_gold_conll,13
bn,voa,01,voa_0118.v4_gold_conll,5
bn,voa,01,voa_0121.v4_gold_conll,3
bn,voa,01,voa_0122.v4_gold_conll,11
bn,voa,01,voa_0123.v4_gold_conll,2
bn,voa,01,voa_0124.v4_gold_conll,2
bn,voa,01,voa_0125.v4_gold_conll,2
bn,voa,01,voa_0126.v4_gold_conll,3
bn,voa,01,voa_0127.v4_gold_conll,4
bn,voa,01,voa_0128.v4_gold_conll,3
bn,voa,01,voa_0131.v4_gold_conll,28
bn,voa,01,voa_0132.v4_gold_conll,28
bn,voa,01,voa_0133.v4_gold_conll,4
bn,voa,01,voa_0134.v4_gold_conll,3
bn,voa,01,voa_0135.v4_gold_conll,4
bn,voa,01,voa_0136.v4_gold_conll,8
bn,voa,01,voa_0137.v4_gold_conll,7
bn,voa,01,voa_0138.v4_gold_conll,5
bn,voa,01,voa_0141.v4_gold_conll,4
bn,voa,01,voa_0142.v4_gold_conll,8
bn,voa,01,voa_0143.v4_gold_conll,10
bn,voa,01,voa_0144.v4_gold_conll,2
bn,voa,01,voa_0145.v4_gold_conll,2
bn,voa,01,voa_0146.v4_gold_conll,14
bn,voa,01,voa_0147.v4_gold_conll,8
bn,voa,01,voa_0148.v4_gold_conll,10
bn,voa,01,voa_0151.v4_gold_conll,4
bn,voa,01,voa_0152.v4_gold_conll,5
bn,voa,01,voa_0153.v4_gold_conll,6
bn,voa,01,voa_0154.v4_gold_conll,15
bn,voa,01,voa_0155.v4_gold_conll,3
bn,voa,01,voa_0156.v4_gold_conll,2
bn,voa,01,voa_0157.v4_gold_conll,3
bn,voa,01,voa_0158.v4_gold_conll,1
bn,voa,01,voa_0161.v4_gold_conll,2
bn,voa,01,voa_0162.v4_gold_conll,2
bn,voa,01,voa_0163.v4_gold_conll,25
bn,voa,01,voa_0164.v4_gold_conll,4
bn,voa,01,voa_0165.v4_gold_conll,7
bn,voa,01,voa_0166.v4_gold_conll,2
bn,voa,01,voa_0167.v4_gold_conll,9
bn,voa,01,voa_0168.v4_gold_conll,3
bn,voa,01,voa_0171.v4_gold_conll,6
bn,voa,01,voa_0172.v4_gold_conll,2
bn,voa,01,voa_0173.v4_gold_conll,2
bn,voa,01,voa_0174.v4_gold_conll,4
bn,voa,01,voa_0175.v4_gold_conll,3
bn,voa,01,voa_0176.v4_gold_conll,8
bn,voa,01,voa_0177.v4_gold_conll,10
bn,voa,01,voa_0178.v4_gold_conll,10
bn,voa,01,voa_0181.v4_gold_conll,18
bn,voa,01,voa_0182.v4_gold_conll,2
bn,voa,01,voa_0183.v4_gold_conll,14
bn,voa,01,voa_0184.v4_gold_conll,4
bn,voa,01,voa_0185.v4_gold_conll,2
bn,voa,01,voa_0186.v4_gold_conll,2
bn,voa,01,voa_0187.v4_gold_conll,2
bn,voa,01,voa_0188.v4_gold_conll,2
bn,voa,01,voa_0191.v4_gold_conll,11
bn,voa,01,voa_0192.v4_gold_conll,5
bn,voa,01,voa_0193.v4_gold_conll,5
bn,voa,01,voa_0194.v4_gold_conll,5
bn,voa,01,voa_0195.v4_gold_conll,6
bn,voa,01,voa_0196.v4_gold_conll,7
bn,voa,01,voa_0197.v4_gold_conll,6
bn,voa,01,voa_0198.v4_gold_conll,2
bn,voa,02,voa_0201.v4_gold_conll,4
bn,voa,02,voa_0202.v4_gold_conll,2
bn,voa,02,voa_0203.v4_gold_conll,2
bn,voa,02,voa_0204.v4_gold_conll,4
bn,voa,02,voa_0205.v4_gold_conll,3
bn,voa,02,voa_0206.v4_gold_conll,4
bn,voa,02,voa_0207.v4_gold_conll,6
bn,voa,02,voa_0208.v4_gold_conll,3
bn,voa,02,voa_0211.v4_gold_conll,3
bn,voa,02,voa_0212.v4_gold_conll,19
bn,voa,02,voa_0213.v4_gold_conll,2
bn,voa,02,voa_0214.v4_gold_conll,2
bn,voa,02,voa_0215.v4_gold_conll,5
bn,voa,02,voa_0216.v4_gold_conll,3
bn,voa,02,voa_0217.v4_gold_conll,2
bn,voa,02,voa_0218.v4_gold_conll,3
bn,voa,02,voa_0221.v4_gold_conll,3
bn,voa,02,voa_0222.v4_gold_conll,5
bn,voa,02,voa_0223.v4_gold_conll,1
bn,voa,02,voa_0224.v4_gold_conll,4
bn,voa,02,voa_0225.v4_gold_conll,3
bn,voa,02,voa_0226.v4_gold_conll,3
bn,voa,02,voa_0227.v4_gold_conll,4
bn,voa,02,voa_0228.v4_gold_conll,2
bn,voa,02,voa_0231.v4_gold_conll,19
bn,voa,02,voa_0232.v4_gold_conll,11
bn,voa,02,voa_0233.v4_gold_conll,2
bn,voa,02,voa_0234.v4_gold_conll,3
bn,voa,02,voa_0235.v4_gold_conll,23
bn,voa,02,voa_0236.v4_gold_conll,3
bn,voa,02,voa_0237.v4_gold_conll,14
bn,voa,02,voa_0238.v4_gold_conll,4
bn,voa,02,voa_0241.v4_gold_conll,19
bn,voa,02,voa_0242.v4_gold_conll,10
bn,voa,02,voa_0243.v4_gold_conll,2
bn,voa,02,voa_0244.v4_gold_conll,8
bn,voa,02,voa_0245.v4_gold_conll,19
bn,voa,02,voa_0246.v4_gold_conll,15
bn,voa,02,voa_0247.v4_gold_conll,2
bn,voa,02,voa_0248.v4_gold_conll,2
bn,voa,02,voa_0251.v4_gold_conll,3
bn,voa,02,voa_0252.v4_gold_conll,11
bn,voa,02,voa_0253.v4_gold_conll,17
bn,voa,02,voa_0254.v4_gold_conll,5
bn,voa,02,voa_0255.v4_gold_conll,5
bn,voa,02,voa_0256.v4_gold_conll,3
bn,voa,02,voa_0257.v4_gold_conll,6
bn,voa,02,voa_0258.v4_gold_conll,2
bn,voa,02,voa_0261.v4_gold_conll,3
bn,voa,02,voa_0262.v4_gold_conll,9
bn,voa,02,voa_0263.v4_gold_conll,8
bn,voa,02,voa_0264.v4_gold_conll,14
bn,voa,02,voa_0265.v4_gold_conll,3
mz,sinorama,10,ectb_1001.v4_gold_conll,163
mz,sinorama,10,ectb_1002.v4_gold_conll,58
mz,sinorama,10,ectb_1003.v4_gold_conll,206
mz,sinorama,10,ectb_1004.v4_gold_conll,56
mz,sinorama,10,ectb_1005.v4_gold_conll,97
mz,sinorama,10,ectb_1006.v4_gold_conll,216
mz,sinorama,10,ectb_1007.v4_gold_conll,174
mz,sinorama,10,ectb_1008.v4_gold_conll,71
mz,sinorama,10,ectb_1011.v4_gold_conll,189
mz,sinorama,10,ectb_1012.v4_gold_conll,145
mz,sinorama,10,ectb_1013.v4_gold_conll,210
mz,sinorama,10,ectb_1014.v4_gold_conll,175
mz,sinorama,10,ectb_1015.v4_gold_conll,53
mz,sinorama,10,ectb_1016.v4_gold_conll,168
mz,sinorama,10,ectb_1017.v4_gold_conll,163
mz,sinorama,10,ectb_1018.v4_gold_conll,211
mz,sinorama,10,ectb_1021.v4_gold_conll,198
mz,sinorama,10,ectb_1022.v4_gold_conll,133
mz,sinorama,10,ectb_1023.v4_gold_conll,41
mz,sinorama,10,ectb_1024.v4_gold_conll,43
mz,sinorama,10,ectb_1025.v4_gold_conll,58
mz,sinorama,10,ectb_1026.v4_gold_conll,167
mz,sinorama,10,ectb_1027.v4_gold_conll,59
mz,sinorama,10,ectb_1028.v4_gold_conll,193
mz,sinorama,10,ectb_1031.v4_gold_conll,166
mz,sinorama,10,ectb_1032.v4_gold_conll,49
mz,sinorama,10,ectb_1033.v4_gold_conll,45
mz,sinorama,10,ectb_1034.v4_gold_conll,38
mz,sinorama,10,ectb_1035.v4_gold_conll,206
mz,sinorama,10,ectb_1036.v4_gold_conll,215
mz,sinorama,10,ectb_1037.v4_gold_conll,28
mz,sinorama,10,ectb_1038.v4_gold_conll,46
mz,sinorama,10,ectb_1041.v4_gold_conll,33
mz,sinorama,10,ectb_1042.v4_gold_conll,204
mz,sinorama,10,ectb_1043.v4_gold_conll,36
mz,sinorama,10,ectb_1044.v4_gold_conll,39
mz,sinorama,10,ectb_1045.v4_gold_conll,29
mz,sinorama,10,ectb_1046.v4_gold_conll,29
mz,sinorama,10,ectb_1047.v4_gold_conll,91
mz,sinorama,10,ectb_1048.v4_gold_conll,147
mz,sinorama,10,ectb_1051.v4_gold_conll,83
mz,sinorama,10,ectb_1052.v4_gold_conll,79
mz,sinorama,10,ectb_1053.v4_gold_conll,65
mz,sinorama,10,ectb_1054.v4_gold_conll,140
mz,sinorama,10,ectb_1055.v4_gold_conll,118
mz,sinorama,10,ectb_1056.v4_gold_conll,44
mz,sinorama,10,ectb_1057.v4_gold_conll,138
mz,sinorama,10,ectb_1058.v4_gold_conll,37
mz,sinorama,10,ectb_1061.v4_gold_conll,47
mz,sinorama,10,ectb_1062.v4_gold_conll,54
mz,sinorama,10,ectb_1063.v4_gold_conll,139
mz,sinorama,10,ectb_1064.v4_gold_conll,176
mz,sinorama,10,ectb_1065.v4_gold_conll,21
mz,sinorama,10,ectb_1066.v4_gold_conll,102
mz,sinorama,10,ectb_1067.v4_gold_conll,57
mz,sinorama,10,ectb_1068.v4_gold_conll,248
mz,sinorama,10,ectb_1071.v4_gold_conll,42
mz,sinorama,10,ectb_1072.v4_gold_conll,59
mz,sinorama,10,ectb_1073.v4_gold_conll,41
mz,sinorama,10,ectb_1074.v4_gold_conll,52
mz,sinorama,10,ectb_1075.v4_gold_conll,175
mz,sinorama,10,ectb_1076.v4_gold_conll,126
mz,sinorama,10,ectb_1077.v4_gold_conll,129
mz,sinorama,10,ectb_1078.v4_gold_conll,91
nw,wsj,02,wsj_0242.v4_gold_conll,29
nw,wsj,02,wsj_0283.v4_gold_conll,42
nw,wsj,02,wsj_0289.v4_gold_conll,7
nw,wsj,02,wsj_0290.v4_gold_conll,59
nw,wsj,03,wsj_0347.v4_gold_conll,31
nw,wsj,04,wsj_0424.v4_gold_conll,3
nw,wsj,04,wsj_0465.v4_gold_conll,95
nw,wsj,04,wsj_0486.v4_gold_conll,7
nw,wsj,04,wsj_0490.v4_gold_conll,36
nw,wsj,05,wsj_0515.v4_gold_conll,72
nw,wsj,05,wsj_0572.v4_gold_conll,2
nw,wsj,05,wsj_0587.v4_gold_conll,34
nw,wsj,05,wsj_0589.v4_gold_conll,64
nw,wsj,05,wsj_0590.v4_gold_conll,30
nw,wsj,05,wsj_0591.v4_gold_conll,41
nw,wsj,05,wsj_0592.v4_gold_conll,44
nw,wsj,05,wsj_0595.v4_gold_conll,37
nw,wsj,05,wsj_0596.v4_gold_conll,36
nw,wsj,05,wsj_0597.v4_gold_conll,7
nw,wsj,05,wsj_0598.v4_gold_conll,43
nw,wsj,06,wsj_0616.v4_gold_conll,36
nw,wsj,06,wsj_0633.v4_gold_conll,88
nw,wsj,06,wsj_0655.v4_gold_conll,28
nw,wsj,06,wsj_0683.v4_gold_conll,16
nw,wsj,07,wsj_0725.v4_gold_conll,127
nw,wsj,07,wsj_0755.v4_gold_conll,30
nw,wsj,07,wsj_0771.v4_gold_conll,54
nw,wsj,07,wsj_0790.v4_gold_conll,58
nw,wsj,08,wsj_0804.v4_gold_conll,44
nw,wsj,08,wsj_0814.v4_gold_conll,82
nw,wsj,09,wsj_0909.v4_gold_conll,101
nw,wsj,09,wsj_0910.v4_gold_conll,16
nw,wsj,09,wsj_0937.v4_gold_conll,49
nw,wsj,09,wsj_0956.v4_gold_conll,57
nw,wsj,09,wsj_0990.v4_gold_conll,68
nw,wsj,10,wsj_1000.v4_gold_conll,33
nw,wsj,10,wsj_1004.v4_gold_conll,22
nw,wsj,10,wsj_1005.v4_gold_conll,5
nw,wsj,10,wsj_1007.v4_gold_conll,22
nw,wsj,10,wsj_1009.v4_gold_conll,3
nw,wsj,10,wsj_1012.v4_gold_conll,8
nw,wsj,10,wsj_1016.v4_gold_conll,4
nw,wsj,10,wsj_1017.v4_gold_conll,35
nw,wsj,10,wsj_1018.v4_gold_conll,8
nw,wsj,10,wsj_1019.v4_gold_conll,34
nw,wsj,10,wsj_1023.v4_gold_conll,6
nw,wsj,10,wsj_1024.v4_gold_conll,5
nw,wsj,10,wsj_1026.v4_gold_conll,54
nw,wsj,10,wsj_1027.v4_gold_conll,4
nw,wsj,10,wsj_1030.v4_gold_conll,4
nw,wsj,10,wsj_1032.v4_gold_conll,7
nw,wsj,10,wsj_1034.v4_gold_conll,18
nw,wsj,10,wsj_1041.v4_gold_conll,37
nw,wsj,10,wsj_1043.v4_gold_conll,30
nw,wsj,10,wsj_1044.v4_gold_conll,39
nw,wsj,10,wsj_1045.v4_gold_conll,12
nw,wsj,10,wsj_1046.v4_gold_conll,11
nw,wsj,10,wsj_1047.v4_gold_conll,25
nw,wsj,10,wsj_1049.v4_gold_conll,2
nw,wsj,10,wsj_1053.v4_gold_conll,20
nw,wsj,10,wsj_1054.v4_gold_conll,8
nw,wsj,10,wsj_1055.v4_gold_conll,40
nw,wsj,10,wsj_1056.v4_gold_conll,5
nw,wsj,10,wsj_1057.v4_gold_conll,147
nw,wsj,10,wsj_1058.v4_gold_conll,63
nw,wsj,10,wsj_1060.v4_gold_conll,3
nw,wsj,10,wsj_1061.v4_gold_conll,2
nw,wsj,10,wsj_1062.v4_gold_conll,12
nw,wsj,10,wsj_1063.v4_gold_conll,2
nw,wsj,10,wsj_1064.v4_gold_conll,13
nw,wsj,10,wsj_1065.v4_gold_conll,57
nw,wsj,10,wsj_1066.v4_gold_conll,17
nw,wsj,10,wsj_1067.v4_gold_conll,1
nw,wsj,10,wsj_1068.v4_gold_conll,4
nw,wsj,10,wsj_1070.v4_gold_conll,2
nw,wsj,10,wsj_1072.v4_gold_conll,2
nw,wsj,10,wsj_1075.v4_gold_conll,2
nw,wsj,10,wsj_1076.v4_gold_conll,7
nw,wsj,10,wsj_1077.v4_gold_conll,2
nw,wsj,10,wsj_1078.v4_gold_conll,7
nw,wsj,10,wsj_1080.v4_gold_conll,3
nw,wsj,10,wsj_1081.v4_gold_conll,5
nw,wsj,10,wsj_1082.v4_gold_conll,4
nw,wsj,10,wsj_1083.v4_gold_conll,4
nw,wsj,10,wsj_1084.v4_gold_conll,5
nw,wsj,10,wsj_1085.v4_gold_conll,2
nw,wsj,10,wsj_1086.v4_gold_conll,9
nw,wsj,10,wsj_1087.v4_gold_conll,3
nw,wsj,10,wsj_1088.v4_gold_conll,1
nw,wsj,10,wsj_1089.v4_gold_conll,2
nw,wsj,10,wsj_1090.v4_gold_conll,2
nw,wsj,10,wsj_1091.v4_gold_conll,8
nw,wsj,10,wsj_1092.v4_gold_conll,29
nw,wsj,10,wsj_1093.v4_gold_conll,4
nw,wsj,10,wsj_1094.v4_gold_conll,55
nw,wsj,10,wsj_1095.v4_gold_conll,11
nw,wsj,10,wsj_1096.v4_gold_conll,4
nw,wsj,11,wsj_1100.v4_gold_conll,3
nw,wsj,11,wsj_1101.v4_gold_conll,28
nw,wsj,11,wsj_1102.v4_gold_conll,29
nw,wsj,11,wsj_1103.v4_gold_conll,19
nw,wsj,11,wsj_1104.v4_gold_conll,2
nw,wsj,11,wsj_1106.v4_gold_conll,6
nw,wsj,11,wsj_1107.v4_gold_conll,17
nw,wsj,11,wsj_1108.v4_gold_conll,5
nw,wsj,11,wsj_1110.v4_gold_conll,24
nw,wsj,11,wsj_1112.v4_gold_conll,2
nw,wsj,11,wsj_1113.v4_gold_conll,5
nw,wsj,11,wsj_1114.v4_gold_conll,1
nw,wsj,11,wsj_1115.v4_gold_conll,3
nw,wsj,11,wsj_1116.v4_gold_conll,8
nw,wsj,11,wsj_1117.v4_gold_conll,2
nw,wsj,11,wsj_1118.v4_gold_conll,32
nw,wsj,11,wsj_1119.v4_gold_conll,3
nw,wsj,11,wsj_1120.v4_gold_conll,66
nw,wsj,11,wsj_1121.v4_gold_conll,47
nw,wsj,11,wsj_1122.v4_gold_conll,47
nw,wsj,11,wsj_1123.v4_gold_conll,22
nw,wsj,11,wsj_1125.v4_gold_conll,24
nw,wsj,11,wsj_1126.v4_gold_conll,22
nw,wsj,11,wsj_1127.v4_gold_conll,4
nw,wsj,11,wsj_1128.v4_gold_conll,76
nw,wsj,11,wsj_1129.v4_gold_conll,2
nw,wsj,11,wsj_1130.v4_gold_conll,9
nw,wsj,11,wsj_1131.v4_gold_conll,66
nw,wsj,11,wsj_1132.v4_gold_conll,2
nw,wsj,11,wsj_1133.v4_gold_conll,7
nw,wsj,11,wsj_1134.v4_gold_conll,2
nw,wsj,11,wsj_1135.v4_gold_conll,17
nw,wsj,11,wsj_1137.v4_gold_conll,44
nw,wsj,11,wsj_1138.v4_gold_conll,13
nw,wsj,11,wsj_1139.v4_gold_conll,27
nw,wsj,11,wsj_1140.v4_gold_conll,30
nw,wsj,11,wsj_1141.v4_gold_conll,12
nw,wsj,11,wsj_1143.v4_gold_conll,34
nw,wsj,11,wsj_1145.v4_gold_conll,19
nw,wsj,11,wsj_1146.v4_gold_conll,187
nw,wsj,11,wsj_1147.v4_gold_conll,36
nw,wsj,11,wsj_1148.v4_gold_conll,17
nw,wsj,11,wsj_1149.v4_gold_conll,28
nw,wsj,11,wsj_1150.v4_gold_conll,17
nw,wsj,11,wsj_1151.v4_gold_conll,24
nw,wsj,11,wsj_1152.v4_gold_conll,5
nw,wsj,11,wsj_1153.v4_gold_conll,4
nw,wsj,11,wsj_1158.v4_gold_conll,37
nw,wsj,11,wsj_1159.v4_gold_conll,13
nw,wsj,11,wsj_1160.v4_gold_conll,32
nw,wsj,11,wsj_1162.v4_gold_conll,50
nw,wsj,11,wsj_1163.v4_gold_conll,37
nw,wsj,11,wsj_1166.v4_gold_conll,26
nw,wsj,11,wsj_1167.v4_gold_conll,5
nw,wsj,11,wsj_1168.v4_gold_conll,7
nw,wsj,11,wsj_1169.v4_gold_conll,7
nw,wsj,11,wsj_1170.v4_gold_conll,6
nw,wsj,11,wsj_1172.v4_gold_conll,24
nw,wsj,11,wsj_1174.v4_gold_conll,42
nw,wsj,11,wsj_1175.v4_gold_conll,4
nw,wsj,11,wsj_1178.v4_gold_conll,16
nw,wsj,11,wsj_1180.v4_gold_conll,7
nw,wsj,11,wsj_1181.v4_gold_conll,7
nw,wsj,11,wsj_1183.v4_gold_conll,4
nw,wsj,11,wsj_1184.v4_gold_conll,25
nw,wsj,11,wsj_1187.v4_gold_conll,51
nw,wsj,11,wsj_1188.v4_gold_conll,7
nw,wsj,11,wsj_1189.v4_gold_conll,26
nw,wsj,11,wsj_1190.v4_gold_conll,28
nw,wsj,11,wsj_1194.v4_gold_conll,7
nw,wsj,11,wsj_1198.v4_gold_conll,4
nw,wsj,12,wsj_1200.v4_gold_conll,18
nw,wsj,12,wsj_1203.v4_gold_conll,65
nw,wsj,12,wsj_1206.v4_gold_conll,46
nw,wsj,12,wsj_1211.v4_gold_conll,2
nw,wsj,12,wsj_1212.v4_gold_conll,9
nw,wsj,12,wsj_1213.v4_gold_conll,89
nw,wsj,12,wsj_1214.v4_gold_conll,6
nw,wsj,12,wsj_1215.v4_gold_conll,8
nw,wsj,12,wsj_1216.v4_gold_conll,32
nw,wsj,12,wsj_1218.v4_gold_conll,46
nw,wsj,12,wsj_1219.v4_gold_conll,7
nw,wsj,12,wsj_1220.v4_gold_conll,10
nw,wsj,12,wsj_1222.v4_gold_conll,20
nw,wsj,12,wsj_1224.v4_gold_conll,3
nw,wsj,12,wsj_1228.v4_gold_conll,5
nw,wsj,12,wsj_1229.v4_gold_conll,2
nw,wsj,12,wsj_1230.v4_gold_conll,3
nw,wsj,12,wsj_1232.v4_gold_conll,5
nw,wsj,12,wsj_1233.v4_gold_conll,5
nw,wsj,12,wsj_1234.v4_gold_conll,6
nw,wsj,12,wsj_1235.v4_gold_conll,3
nw,wsj,12,wsj_1236.v4_gold_conll,5
nw,wsj,12,wsj_1237.v4_gold_conll,3
nw,wsj,12,wsj_1238.v4_gold_conll,7
nw,wsj,12,wsj_1239.v4_gold_conll,3
nw,wsj,12,wsj_1240.v4_gold_conll,4
nw,wsj,12,wsj_1241.v4_gold_conll,5
nw,wsj,12,wsj_1242.v4_gold_conll,5
nw,wsj,12,wsj_1243.v4_gold_conll,7
nw,wsj,12,wsj_1244.v4_gold_conll,4
nw,wsj,12,wsj_1245.v4_gold_conll,2
nw,wsj,12,wsj_1246.v4_gold_conll,28
nw,wsj,12,wsj_1249.v4_gold_conll,52
nw,wsj,12,wsj_1250.v4_gold_conll,41
nw,wsj,12,wsj_1251.v4_gold_conll,8
nw,wsj,12,wsj_1252.v4_gold_conll,11
nw,wsj,12,wsj_1253.v4_gold_conll,28
nw,wsj,12,wsj_1254.v4_gold_conll,9
nw,wsj,12,wsj_1255.v4_gold_conll,11
nw,wsj,12,wsj_1256.v4_gold_conll,9
nw,wsj,12,wsj_1258.v4_gold_conll,21
nw,wsj,12,wsj_1259.v4_gold_conll,9
nw,wsj,12,wsj_1260.v4_gold_conll,8
nw,wsj,12,wsj_1261.v4_gold_conll,18
nw,wsj,12,wsj_1262.v4_gold_conll,19
nw,wsj,12,wsj_1263.v4_gold_conll,18
nw,wsj,12,wsj_1264.v4_gold_conll,34
nw,wsj,12,wsj_1265.v4_gold_conll,4
nw,wsj,12,wsj_1266.v4_gold_conll,15
nw,wsj,12,wsj_1267.v4_gold_conll,119
nw,wsj,12,wsj_1268.v4_gold_conll,18
nw,wsj,12,wsj_1269.v4_gold_conll,56
nw,wsj,12,wsj_1270.v4_gold_conll,49
nw,wsj,12,wsj_1271.v4_gold_conll,38
nw,wsj,12,wsj_1272.v4_gold_conll,56
nw,wsj,12,wsj_1273.v4_gold_conll,49
nw,wsj,12,wsj_1274.v4_gold_conll,45
nw,wsj,12,wsj_1277.v4_gold_conll,3
nw,wsj,12,wsj_1278.v4_gold_conll,3
nw,wsj,12,wsj_1279.v4_gold_conll,7
nw,wsj,12,wsj_1282.v4_gold_conll,9
nw,wsj,12,wsj_1284.v4_gold_conll,47
nw,wsj,12,wsj_1286.v4_gold_conll,82
nw,wsj,12,wsj_1287.v4_gold_conll,15
nw,wsj,12,wsj_1288.v4_gold_conll,21
nw,wsj,12,wsj_1290.v4_gold_conll,4
nw,wsj,12,wsj_1291.v4_gold_conll,17
nw,wsj,12,wsj_1292.v4_gold_conll,3
nw,wsj,12,wsj_1293.v4_gold_conll,21
nw,wsj,12,wsj_1294.v4_gold_conll,29
nw,wsj,12,wsj_1296.v4_gold_conll,48
nw,wsj,12,wsj_1298.v4_gold_conll,6
nw,wsj,12,wsj_1299.v4_gold_conll,20
nw,wsj,13,wsj_1300.v4_gold_conll,4
nw,wsj,13,wsj_1301.v4_gold_conll,4
nw,wsj,13,wsj_1302.v4_gold_conll,103
nw,wsj,13,wsj_1306.v4_gold_conll,19
nw,wsj,13,wsj_1307.v4_gold_conll,37
nw,wsj,13,wsj_1308.v4_gold_conll,4
nw,wsj,13,wsj_1310.v4_gold_conll,7
nw,wsj,13,wsj_1312.v4_gold_conll,44
nw,wsj,13,wsj_1313.v4_gold_conll,13
nw,wsj,13,wsj_1315.v4_gold_conll,32
nw,wsj,13,wsj_1316.v4_gold_conll,20
nw,wsj,13,wsj_1317.v4_gold_conll,72
nw,wsj,13,wsj_1318.v4_gold_conll,11
nw,wsj,13,wsj_1320.v4_gold_conll,65
nw,wsj,13,wsj_1321.v4_gold_conll,5
nw,wsj,13,wsj_1322.v4_gold_conll,82
nw,wsj,13,wsj_1323.v4_gold_conll,43
nw,wsj,13,wsj_1324.v4_gold_conll,7
nw,wsj,13,wsj_1326.v4_gold_conll,3
nw,wsj,13,wsj_1327.v4_gold_conll,47
nw,wsj,13,wsj_1328.v4_gold_conll,52
nw,wsj,13,wsj_1331.v4_gold_conll,66
nw,wsj,13,wsj_1335.v4_gold_conll,28
nw,wsj,13,wsj_1337.v4_gold_conll,53
nw,wsj,13,wsj_1339.v4_gold_conll,31
nw,wsj,13,wsj_1341.v4_gold_conll,6
nw,wsj,13,wsj_1342.v4_gold_conll,4
nw,wsj,13,wsj_1343.v4_gold_conll,6
nw,wsj,13,wsj_1347.v4_gold_conll,18
nw,wsj,13,wsj_1349.v4_gold_conll,23
nw,wsj,13,wsj_1350.v4_gold_conll,6
nw,wsj,13,wsj_1351.v4_gold_conll,6
nw,wsj,13,wsj_1352.v4_gold_conll,4
nw,wsj,13,wsj_1353.v4_gold_conll,32
nw,wsj,13,wsj_1357.v4_gold_conll,5
nw,wsj,13,wsj_1359.v4_gold_conll,6
nw,wsj,13,wsj_1362.v4_gold_conll,6
nw,wsj,13,wsj_1363.v4_gold_conll,9
nw,wsj,13,wsj_1365.v4_gold_conll,11
nw,wsj,13,wsj_1366.v4_gold_conll,57
nw,wsj,13,wsj_1367.v4_gold_conll,85
nw,wsj,13,wsj_1368.v4_gold_conll,41
nw,wsj,13,wsj_1369.v4_gold_conll,4
nw,wsj,13,wsj_1370.v4_gold_conll,3
nw,wsj,13,wsj_1373.v4_gold_conll,44
nw,wsj,13,wsj_1375.v4_gold_conll,52
nw,wsj,13,wsj_1376.v4_gold_conll,68
nw,wsj,13,wsj_1377.v4_gold_conll,71
nw,wsj,13,wsj_1378.v4_gold_conll,2
nw,wsj,13,wsj_1379.v4_gold_conll,17
nw,wsj,13,wsj_1380.v4_gold_conll,14
nw,wsj,13,wsj_1381.v4_gold_conll,11
nw,wsj,13,wsj_1382.v4_gold_conll,5
nw,wsj,13,wsj_1383.v4_gold_conll,3
nw,wsj,13,wsj_1384.v4_gold_conll,1
nw,wsj,13,wsj_1385.v4_gold_conll,3
nw,wsj,13,wsj_1386.v4_gold_conll,30
nw,wsj,13,wsj_1387.v4_gold_conll,42
nw,wsj,13,wsj_1388.v4_gold_conll,58
nw,wsj,13,wsj_1389.v4_gold_conll,29
nw,wsj,13,wsj_1390.v4_gold_conll,52
nw,wsj,13,wsj_1391.v4_gold_conll,29
nw,wsj,13,wsj_1392.v4_gold_conll,3
nw,wsj,13,wsj_1393.v4_gold_conll,4
nw,wsj,13,wsj_1395.v4_gold_conll,5
nw,wsj,13,wsj_1396.v4_gold_conll,17
nw,wsj,13,wsj_1397.v4_gold_conll,62
nw,wsj,13,wsj_1398.v4_gold_conll,8
nw,wsj,14,wsj_1400.v4_gold_conll,3
nw,wsj,14,wsj_1402.v4_gold_conll,3
nw,wsj,14,wsj_1403.v4_gold_conll,5
nw,wsj,14,wsj_1404.v4_gold_conll,21
nw,wsj,14,wsj_1405.v4_gold_conll,29
nw,wsj,14,wsj_1406.v4_gold_conll,2
nw,wsj,14,wsj_1407.v4_gold_conll,12
nw,wsj,14,wsj_1408.v4_gold_conll,2
nw,wsj,14,wsj_1409.v4_gold_conll,23
nw,wsj,14,wsj_1412.v4_gold_conll,18
nw,wsj,14,wsj_1413.v4_gold_conll,12
nw,wsj,14,wsj_1414.v4_gold_conll,4
nw,wsj,14,wsj_1415.v4_gold_conll,15
nw,wsj,14,wsj_1416.v4_gold_conll,21
nw,wsj,14,wsj_1417.v4_gold_conll,3
nw,wsj,14,wsj_1418.v4_gold_conll,32
nw,wsj,14,wsj_1420.v4_gold_conll,1
nw,wsj,14,wsj_1421.v4_gold_conll,32
nw,wsj,14,wsj_1422.v4_gold_conll,23
nw,wsj,14,wsj_1423.v4_gold_conll,24
nw,wsj,14,wsj_1424.v4_gold_conll,49
nw,wsj,14,wsj_1425.v4_gold_conll,4
nw,wsj,14,wsj_1427.v4_gold_conll,2
nw,wsj,14,wsj_1428.v4_gold_conll,40
nw,wsj,14,wsj_1429.v4_gold_conll,20
nw,wsj,14,wsj_1431.v4_gold_conll,6
nw,wsj,14,wsj_1432.v4_gold_conll,48
nw,wsj,14,wsj_1433.v4_gold_conll,3
nw,wsj,14,wsj_1434.v4_gold_conll,31
nw,wsj,14,wsj_1435.v4_gold_conll,45
nw,wsj,14,wsj_1436.v4_gold_conll,50
nw,wsj,14,wsj_1437.v4_gold_conll,4
nw,wsj,14,wsj_1438.v4_gold_conll,13
nw,wsj,14,wsj_1443.v4_gold_conll,9
nw,wsj,14,wsj_1444.v4_gold_conll,6
nw,wsj,14,wsj_1446.v4_gold_conll,56
nw,wsj,14,wsj_1447.v4_gold_conll,22
nw,wsj,14,wsj_1448.v4_gold_conll,39
nw,wsj,14,wsj_1450.v4_gold_conll,61
nw,wsj,14,wsj_1452.v4_gold_conll,3
nw,wsj,14,wsj_1453.v4_gold_conll,61
nw,wsj,14,wsj_1454.v4_gold_conll,4
nw,wsj,14,wsj_1455.v4_gold_conll,68
nw,wsj,14,wsj_1458.v4_gold_conll,8
nw,wsj,14,wsj_1459.v4_gold_conll,4
nw,wsj,14,wsj_1460.v4_gold_conll,8
nw,wsj,14,wsj_1461.v4_gold_conll,9
nw,wsj,14,wsj_1464.v4_gold_conll,70
nw,wsj,14,wsj_1465.v4_gold_conll,7
nw,wsj,14,wsj_1466.v4_gold_conll,6
nw,wsj,14,wsj_1469.v4_gold_conll,60
nw,wsj,14,wsj_1470.v4_gold_conll,47
nw,wsj,14,wsj_1471.v4_gold_conll,8
nw,wsj,14,wsj_1472.v4_gold_conll,7
nw,wsj,14,wsj_1473.v4_gold_conll,32
nw,wsj,14,wsj_1474.v4_gold_conll,47
nw,wsj,14,wsj_1475.v4_gold_conll,4
nw,wsj,14,wsj_1476.v4_gold_conll,5
nw,wsj,14,wsj_1477.v4_gold_conll,5
nw,wsj,14,wsj_1478.v4_gold_conll,9
nw,wsj,14,wsj_1482.v4_gold_conll,26
nw,wsj,14,wsj_1483.v4_gold_conll,4
nw,wsj,14,wsj_1486.v4_gold_conll,10
nw,wsj,14,wsj_1489.v4_gold_conll,5
nw,wsj,14,wsj_1493.v4_gold_conll,50
nw,wsj,14,wsj_1494.v4_gold_conll,6
nw,wsj,14,wsj_1495.v4_gold_conll,20
nw,wsj,14,wsj_1496.v4_gold_conll,6
nw,wsj,14,wsj_1497.v4_gold_conll,5
nw,wsj,14,wsj_1498.v4_gold_conll,2
nw,wsj,14,wsj_1499.v4_gold_conll,47
nw,wsj,15,wsj_1500.v4_gold_conll,39
nw,wsj,15,wsj_1502.v4_gold_conll,35
nw,wsj,15,wsj_1503.v4_gold_conll,4
nw,wsj,15,wsj_1504.v4_gold_conll,50
nw,wsj,15,wsj_1505.v4_gold_conll,58
nw,wsj,15,wsj_1506.v4_gold_conll,36
nw,wsj,15,wsj_1508.v4_gold_conll,5
nw,wsj,15,wsj_1509.v4_gold_conll,4
nw,wsj,15,wsj_1510.v4_gold_conll,2
nw,wsj,15,wsj_1512.v4_gold_conll,25
nw,wsj,15,wsj_1513.v4_gold_conll,3
nw,wsj,15,wsj_1514.v4_gold_conll,7
nw,wsj,15,wsj_1515.v4_gold_conll,49
nw,wsj,15,wsj_1517.v4_gold_conll,8
nw,wsj,15,wsj_1518.v4_gold_conll,4
nw,wsj,15,wsj_1519.v4_gold_conll,4
nw,wsj,15,wsj_1520.v4_gold_conll,6
nw,wsj,15,wsj_1521.v4_gold_conll,3
nw,wsj,15,wsj_1522.v4_gold_conll,4
nw,wsj,15,wsj_1523.v4_gold_conll,3
nw,wsj,15,wsj_1524.v4_gold_conll,6
nw,wsj,15,wsj_1526.v4_gold_conll,2
nw,wsj,15,wsj_1527.v4_gold_conll,3
nw,wsj,15,wsj_1529.v4_gold_conll,18
nw,wsj,15,wsj_1530.v4_gold_conll,3
nw,wsj,15,wsj_1532.v4_gold_conll,5
nw,wsj,15,wsj_1533.v4_gold_conll,4
nw,wsj,15,wsj_1534.v4_gold_conll,5
nw,wsj,15,wsj_1535.v4_gold_conll,5
nw,wsj,15,wsj_1536.v4_gold_conll,4
nw,wsj,15,wsj_1537.v4_gold_conll,6
nw,wsj,15,wsj_1542.v4_gold_conll,9
nw,wsj,15,wsj_1544.v4_gold_conll,4
nw,wsj,15,wsj_1545.v4_gold_conll,5
nw,wsj,15,wsj_1547.v4_gold_conll,36
nw,wsj,15,wsj_1549.v4_gold_conll,53
nw,wsj,15,wsj_1550.v4_gold_conll,49
nw,wsj,15,wsj_1551.v4_gold_conll,15
nw,wsj,15,wsj_1553.v4_gold_conll,6
nw,wsj,15,wsj_1554.v4_gold_conll,63
nw,wsj,15,wsj_1555.v4_gold_conll,17
nw,wsj,15,wsj_1556.v4_gold_conll,42
nw,wsj,15,wsj_1557.v4_gold_conll,5
nw,wsj,15,wsj_1558.v4_gold_conll,5
nw,wsj,15,wsj_1559.v4_gold_conll,2
nw,wsj,15,wsj_1560.v4_gold_conll,24
nw,wsj,15,wsj_1561.v4_gold_conll,19
nw,wsj,15,wsj_1563.v4_gold_conll,19
nw,wsj,15,wsj_1564.v4_gold_conll,49
nw,wsj,15,wsj_1565.v4_gold_conll,7
nw,wsj,15,wsj_1566.v4_gold_conll,43
nw,wsj,15,wsj_1567.v4_gold_conll,93
nw,wsj,15,wsj_1568.v4_gold_conll,60
nw,wsj,15,wsj_1569.v4_gold_conll,92
nw,wsj,15,wsj_1570.v4_gold_conll,57
nw,wsj,15,wsj_1571.v4_gold_conll,18
nw,wsj,15,wsj_1572.v4_gold_conll,80
nw,wsj,15,wsj_1573.v4_gold_conll,5
nw,wsj,15,wsj_1574.v4_gold_conll,87
nw,wsj,15,wsj_1576.v4_gold_conll,3
nw,wsj,15,wsj_1577.v4_gold_conll,3
nw,wsj,15,wsj_1579.v4_gold_conll,2
nw,wsj,15,wsj_1580.v4_gold_conll,2
nw,wsj,15,wsj_1581.v4_gold_conll,7
nw,wsj,15,wsj_1582.v4_gold_conll,25
nw,wsj,15,wsj_1583.v4_gold_conll,47
nw,wsj,15,wsj_1584.v4_gold_conll,2
nw,wsj,15,wsj_1585.v4_gold_conll,11
nw,wsj,15,wsj_1586.v4_gold_conll,61
nw,wsj,15,wsj_1587.v4_gold_conll,13
nw,wsj,15,wsj_1588.v4_gold_conll,9
nw,wsj,15,wsj_1589.v4_gold_conll,4
nw,wsj,15,wsj_1590.v4_gold_conll,24
nw,wsj,15,wsj_1591.v4_gold_conll,17
nw,wsj,15,wsj_1592.v4_gold_conll,5
nw,wsj,15,wsj_1593.v4_gold_conll,9
nw,wsj,15,wsj_1595.v4_gold_conll,6
nw,wsj,15,wsj_1598.v4_gold_conll,5
nw,wsj,16,wsj_1607.v4_gold_conll,10
nw,wsj,16,wsj_1615.v4_gold_conll,83
nw,wsj,16,wsj_1640.v4_gold_conll,23
nw,wsj,16,wsj_1662.v4_gold_conll,5
nw,wsj,16,wsj_1682.v4_gold_conll,41
nw,wsj,16,wsj_1695.v4_gold_conll,48
nw,wsj,17,wsj_1705.v4_gold_conll,62
nw,wsj,17,wsj_1730.v4_gold_conll,37
nw,wsj,17,wsj_1760.v4_gold_conll,75
nw,wsj,18,wsj_1825.v4_gold_conll,55
nw,wsj,18,wsj_1846.v4_gold_conll,27
nw,wsj,18,wsj_1875.v4_gold_conll,135
nw,wsj,19,wsj_1924.v4_gold_conll,36
nw,wsj,19,wsj_1946.v4_gold_conll,44
nw,wsj,19,wsj_1947.v4_gold_conll,23
nw,wsj,19,wsj_1980.v4_gold_conll,19
nw,wsj,19,wsj_1984.v4_gold_conll,34
nw,wsj,19,wsj_1989.v4_gold_conll,5
nw,wsj,20,wsj_2013.v4_gold_conll,167
nw,wsj,20,wsj_2047.v4_gold_conll,13
nw,wsj,20,wsj_2052.v4_gold_conll,59
nw,wsj,21,wsj_2102.v4_gold_conll,41
nw,wsj,21,wsj_2112.v4_gold_conll,67
nw,wsj,21,wsj_2122.v4_gold_conll,3
nw,wsj,21,wsj_2136.v4_gold_conll,41
nw,wsj,21,wsj_2151.v4_gold_conll,48
nw,xinhua,00,chtb_0001.v4_gold_conll,17
nw,xinhua,00,chtb_0002.v4_gold_conll,10
nw,xinhua,00,chtb_0003.v4_gold_conll,12
nw,xinhua,00,chtb_0004.v4_gold_conll,11
nw,xinhua,00,chtb_0005.v4_gold_conll,18
nw,xinhua,00,chtb_0006.v4_gold_conll,17
nw,xinhua,00,chtb_0007.v4_gold_conll,9
nw,xinhua,00,chtb_0008.v4_gold_conll,17
nw,xinhua,00,chtb_0011.v4_gold_conll,19
nw,xinhua,00,chtb_0012.v4_gold_conll,8
nw,xinhua,00,chtb_0013.v4_gold_conll,25
nw,xinhua,00,chtb_0014.v4_gold_conll,14
nw,xinhua,00,chtb_0015.v4_gold_conll,18
nw,xinhua,00,chtb_0016.v4_gold_conll,13
nw,xinhua,00,chtb_0017.v4_gold_conll,9
nw,xinhua,00,chtb_0018.v4_gold_conll,10
nw,xinhua,00,chtb_0021.v4_gold_conll,8
nw,xinhua,00,chtb_0022.v4_gold_conll,11
nw,xinhua,00,chtb_0023.v4_gold_conll,12
nw,xinhua,00,chtb_0024.v4_gold_conll,28
nw,xinhua,00,chtb_0025.v4_gold_conll,16
nw,xinhua,00,chtb_0026.v4_gold_conll,18
nw,xinhua,00,chtb_0027.v4_gold_conll,10
nw,xinhua,00,chtb_0028.v4_gold_conll,9
nw,xinhua,00,chtb_0031.v4_gold_conll,16
nw,xinhua,00,chtb_0032.v4_gold_conll,20
nw,xinhua,00,chtb_0033.v4_gold_conll,19
nw,xinhua,00,chtb_0034.v4_gold_conll,23
nw,xinhua,00,chtb_0035.v4_gold_conll,16
nw,xinhua,00,chtb_0036.v4_gold_conll,9
nw,xinhua,00,chtb_0037.v4_gold_conll,18
nw,xinhua,00,chtb_0038.v4_gold_conll,22
nw,xinhua,00,chtb_0041.v4_gold_conll,9
nw,xinhua,00,chtb_0042.v4_gold_conll,28
nw,xinhua,00,chtb_0043.v4_gold_conll,20
nw,xinhua,00,chtb_0044.v4_gold_conll,8
nw,xinhua,00,chtb_0045.v4_gold_conll,2
nw,xinhua,00,chtb_0046.v4_gold_conll,11
nw,xinhua,00,chtb_0047.v4_gold_conll,13
nw,xinhua,00,chtb_0048.v4_gold_conll,10
nw,xinhua,00,chtb_0051.v4_gold_conll,8
nw,xinhua,00,chtb_0052.v4_gold_conll,26
nw,xinhua,00,chtb_0053.v4_gold_conll,19
nw,xinhua,00,chtb_0054.v4_gold_conll,5
nw,xinhua,00,chtb_0055.v4_gold_conll,10
nw,xinhua,00,chtb_0056.v4_gold_conll,14
nw,xinhua,00,chtb_0057.v4_gold_conll,18
nw,xinhua,00,chtb_0058.v4_gold_conll,16
nw,xinhua,00,chtb_0061.v4_gold_conll,12
nw,xinhua,00,chtb_0062.v4_gold_conll,23
nw,xinhua,00,chtb_0063.v4_gold_conll,4
nw,xinhua,00,chtb_0064.v4_gold_conll,3
nw,xinhua,00,chtb_0065.v4_gold_conll,10
nw,xinhua,00,chtb_0066.v4_gold_conll,12
nw,xinhua,00,chtb_0067.v4_gold_conll,17
nw,xinhua,00,chtb_0068.v4_gold_conll,26
nw,xinhua,00,chtb_0071.v4_gold_conll,19
nw,xinhua,00,chtb_0072.v4_gold_conll,44
nw,xinhua,00,chtb_0073.v4_gold_conll,14
nw,xinhua,00,chtb_0074.v4_gold_conll,12
nw,xinhua,00,chtb_0075.v4_gold_conll,14
nw,xinhua,00,chtb_0076.v4_gold_conll,9
nw,xinhua,00,chtb_0077.v4_gold_conll,20
nw,xinhua,00,chtb_0078.v4_gold_conll,5
nw,xinhua,00,chtb_0081.v4_gold_conll,16
nw,xinhua,00,chtb_0082.v4_gold_conll,9
nw,xinhua,00,chtb_0083.v4_gold_conll,17
nw,xinhua,00,chtb_0084.v4_gold_conll,20
nw,xinhua,00,chtb_0085.v4_gold_conll,10
nw,xinhua,00,chtb_0086.v4_gold_conll,21
nw,xinhua,00,chtb_0087.v4_gold_conll,18
nw,xinhua,00,chtb_0088.v4_gold_conll,26
nw,xinhua,00,chtb_0091.v4_gold_conll,13
nw,xinhua,00,chtb_0092.v4_gold_conll,12
nw,xinhua,00,chtb_0093.v4_gold_conll,17
nw,xinhua,00,chtb_0094.v4_gold_conll,14
nw,xinhua,00,chtb_0095.v4_gold_conll,7
nw,xinhua,00,chtb_0096.v4_gold_conll,23
nw,xinhua,00,chtb_0097.v4_gold_conll,23
nw,xinhua,00,chtb_0098.v4_gold_conll,7
nw,xinhua,01,chtb_0101.v4_gold_conll,10
nw,xinhua,01,chtb_0102.v4_gold_conll,16
nw,xinhua,01,chtb_0103.v4_gold_conll,10
nw,xinhua,01,chtb_0104.v4_gold_conll,18
nw,xinhua,01,chtb_0105.v4_gold_conll,17
nw,xinhua,01,chtb_0106.v4_gold_conll,7
nw,xinhua,01,chtb_0107.v4_gold_conll,13
nw,xinhua,01,chtb_0108.v4_gold_conll,19
nw,xinhua,01,chtb_0111.v4_gold_conll,14
nw,xinhua,01,chtb_0112.v4_gold_conll,28
nw,xinhua,01,chtb_0113.v4_gold_conll,10
nw,xinhua,01,chtb_0114.v4_gold_conll,12
nw,xinhua,01,chtb_0115.v4_gold_conll,13
nw,xinhua,01,chtb_0116.v4_gold_conll,19
nw,xinhua,01,chtb_0117.v4_gold_conll,9
nw,xinhua,01,chtb_0118.v4_gold_conll,24
nw,xinhua,01,chtb_0121.v4_gold_conll,15
nw,xinhua,01,chtb_0122.v4_gold_conll,15
nw,xinhua,01,chtb_0123.v4_gold_conll,9
nw,xinhua,01,chtb_0124.v4_gold_conll,10
nw,xinhua,01,chtb_0125.v4_gold_conll,8
nw,xinhua,01,chtb_0126.v4_gold_conll,8
nw,xinhua,01,chtb_0127.v4_gold_conll,17
nw,xinhua,01,chtb_0128.v4_gold_conll,27
nw,xinhua,01,chtb_0131.v4_gold_conll,7
nw,xinhua,01,chtb_0132.v4_gold_conll,20
nw,xinhua,01,chtb_0133.v4_gold_conll,19
nw,xinhua,01,chtb_0134.v4_gold_conll,15
nw,xinhua,01,chtb_0135.v4_gold_conll,11
nw,xinhua,01,chtb_0136.v4_gold_conll,16
nw,xinhua,01,chtb_0137.v4_gold_conll,7
nw,xinhua,01,chtb_0138.v4_gold_conll,8
nw,xinhua,01,chtb_0141.v4_gold_conll,20
nw,xinhua,01,chtb_0142.v4_gold_conll,31
nw,xinhua,01,chtb_0143.v4_gold_conll,28
nw,xinhua,01,chtb_0144.v4_gold_conll,37
nw,xinhua,01,chtb_0145.v4_gold_conll,10
nw,xinhua,01,chtb_0146.v4_gold_conll,9
nw,xinhua,01,chtb_0147.v4_gold_conll,30
nw,xinhua,01,chtb_0148.v4_gold_conll,19
nw,xinhua,01,chtb_0151.v4_gold_conll,16
nw,xinhua,01,chtb_0152.v4_gold_conll,10
nw,xinhua,01,chtb_0153.v4_gold_conll,15
nw,xinhua,01,chtb_0154.v4_gold_conll,19
nw,xinhua,01,chtb_0155.v4_gold_conll,11
nw,xinhua,01,chtb_0156.v4_gold_conll,8
nw,xinhua,01,chtb_0157.v4_gold_conll,6
nw,xinhua,01,chtb_0158.v4_gold_conll,9
nw,xinhua,01,chtb_0161.v4_gold_conll,14
nw,xinhua,01,chtb_0162.v4_gold_conll,9
nw,xinhua,01,chtb_0163.v4_gold_conll,11
nw,xinhua,01,chtb_0164.v4_gold_conll,8
nw,xinhua,01,chtb_0165.v4_gold_conll,14
nw,xinhua,01,chtb_0166.v4_gold_conll,7
nw,xinhua,01,chtb_0167.v4_gold_conll,30
nw,xinhua,01,chtb_0168.v4_gold_conll,13
nw,xinhua,01,chtb_0171.v4_gold_conll,5
nw,xinhua,01,chtb_0172.v4_gold_conll,3
nw,xinhua,01,chtb_0173.v4_gold_conll,6
nw,xinhua,01,chtb_0174.v4_gold_conll,4
nw,xinhua,01,chtb_0175.v4_gold_conll,2
nw,xinhua,01,chtb_0176.v4_gold_conll,10
nw,xinhua,01,chtb_0177.v4_gold_conll,10
nw,xinhua,01,chtb_0178.v4_gold_conll,5
nw,xinhua,01,chtb_0181.v4_gold_conll,6
nw,xinhua,01,chtb_0182.v4_gold_conll,10
nw,xinhua,01,chtb_0183.v4_gold_conll,7
nw,xinhua,01,chtb_0184.v4_gold_conll,11
nw,xinhua,01,chtb_0185.v4_gold_conll,10
nw,xinhua,01,chtb_0186.v4_gold_conll,6
nw,xinhua,01,chtb_0187.v4_gold_conll,7
nw,xinhua,01,chtb_0188.v4_gold_conll,3
nw,xinhua,01,chtb_0191.v4_gold_conll,11
nw,xinhua,01,chtb_0192.v4_gold_conll,7
nw,xinhua,01,chtb_0193.v4_gold_conll,19
nw,xinhua,01,chtb_0194.v4_gold_conll,10
nw,xinhua,01,chtb_0195.v4_gold_conll,3
nw,xinhua,01,chtb_0196.v4_gold_conll,16
nw,xinhua,01,chtb_0197.v4_gold_conll,15
nw,xinhua,01,chtb_0198.v4_gold_conll,8
nw,xinhua,02,chtb_0201.v4_gold_conll,3
nw,xinhua,02,chtb_0202.v4_gold_conll,6
nw,xinhua,02,chtb_0203.v4_gold_conll,3
nw,xinhua,02,chtb_0204.v4_gold_conll,3
nw,xinhua,02,chtb_0205.v4_gold_conll,2
nw,xinhua,02,chtb_0206.v4_gold_conll,17
nw,xinhua,02,chtb_0207.v4_gold_conll,53
nw,xinhua,02,chtb_0208.v4_gold_conll,26
nw,xinhua,02,chtb_0211.v4_gold_conll,6
nw,xinhua,02,chtb_0212.v4_gold_conll,8
nw,xinhua,02,chtb_0213.v4_gold_conll,7
nw,xinhua,02,chtb_0214.v4_gold_conll,15
nw,xinhua,02,chtb_0215.v4_gold_conll,6
nw,xinhua,02,chtb_0216.v4_gold_conll,18
nw,xinhua,02,chtb_0217.v4_gold_conll,6
nw,xinhua,02,chtb_0218.v4_gold_conll,19
nw,xinhua,02,chtb_0221.v4_gold_conll,10
nw,xinhua,02,chtb_0222.v4_gold_conll,14
nw,xinhua,02,chtb_0223.v4_gold_conll,11
nw,xinhua,02,chtb_0224.v4_gold_conll,9
nw,xinhua,02,chtb_0225.v4_gold_conll,8
nw,xinhua,02,chtb_0226.v4_gold_conll,10
nw,xinhua,02,chtb_0227.v4_gold_conll,8
nw,xinhua,02,chtb_0228.v4_gold_conll,4
nw,xinhua,02,chtb_0231.v4_gold_conll,8
nw,xinhua,02,chtb_0232.v4_gold_conll,11
nw,xinhua,02,chtb_0233.v4_gold_conll,10
nw,xinhua,02,chtb_0234.v4_gold_conll,15
nw,xinhua,02,chtb_0235.v4_gold_conll,7
nw,xinhua,02,chtb_0236.v4_gold_conll,13
nw,xinhua,02,chtb_0237.v4_gold_conll,9
nw,xinhua,02,chtb_0238.v4_gold_conll,40
nw,xinhua,02,chtb_0241.v4_gold_conll,11
nw,xinhua,02,chtb_0242.v4_gold_conll,21
nw,xinhua,02,chtb_0243.v4_gold_conll,7
nw,xinhua,02,chtb_0244.v4_gold_conll,15
nw,xinhua,02,chtb_0245.v4_gold_conll,12
nw,xinhua,02,chtb_0246.v4_gold_conll,21
nw,xinhua,02,chtb_0247.v4_gold_conll,11
nw,xinhua,02,chtb_0248.v4_gold_conll,9
nw,xinhua,02,chtb_0251.v4_gold_conll,23
nw,xinhua,02,chtb_0252.v4_gold_conll,29
nw,xinhua,02,chtb_0253.v4_gold_conll,6
nw,xinhua,02,chtb_0254.v4_gold_conll,23
nw,xinhua,02,chtb_0255.v4_gold_conll,14
nw,xinhua,02,chtb_0256.v4_gold_conll,6
nw,xinhua,02,chtb_0257.v4_gold_conll,25
nw,xinhua,02,chtb_0258.v4_gold_conll,32
nw,xinhua,02,chtb_0261.v4_gold_conll,18
nw,xinhua,02,chtb_0262.v4_gold_conll,11
nw,xinhua,02,chtb_0263.v4_gold_conll,10
nw,xinhua,02,chtb_0264.v4_gold_conll,9
nw,xinhua,02,chtb_0265.v4_gold_conll,11
nw,xinhua,02,chtb_0266.v4_gold_conll,9
nw,xinhua,02,chtb_0267.v4_gold_conll,23
nw,xinhua,02,chtb_0268.v4_gold_conll,7
nw,xinhua,02,chtb_0271.v4_gold_conll,10
nw,xinhua,02,chtb_0272.v4_gold_conll,10
nw,xinhua,02,chtb_0273.v4_gold_conll,10
nw,xinhua,02,chtb_0274.v4_gold_conll,10
nw,xinhua,02,chtb_0275.v4_gold_conll,15
nw,xinhua,02,chtb_0276.v4_gold_conll,7
nw,xinhua,02,chtb_0277.v4_gold_conll,8
nw,xinhua,02,chtb_0278.v4_gold_conll,5
nw,xinhua,02,chtb_0281.v4_gold_conll,18
nw,xinhua,02,chtb_0282.v4_gold_conll,10
nw,xinhua,02,chtb_0283.v4_gold_conll,6
nw,xinhua,02,chtb_0284.v4_gold_conll,21
nw,xinhua,02,chtb_0285.v4_gold_conll,8
nw,xinhua,02,chtb_0286.v4_gold_conll,10
nw,xinhua,02,chtb_0287.v4_gold_conll,12
nw,xinhua,02,chtb_0288.v4_gold_conll,7
nw,xinhua,02,chtb_0291.v4_gold_conll,18
nw,xinhua,02,chtb_0292.v4_gold_conll,15
nw,xinhua,02,chtb_0293.v4_gold_conll,10
nw,xinhua,02,chtb_0294.v4_gold_conll,18
nw,xinhua,02,chtb_0295.v4_gold_conll,6
nw,xinhua,02,chtb_0296.v4_gold_conll,13
nw,xinhua,02,chtb_0297.v4_gold_conll,7
nw,xinhua,02,chtb_0298.v4_gold_conll,11
nw,xinhua,03,chtb_0301.v4_gold_conll,11
nw,xinhua,03,chtb_0302.v4_gold_conll,8
nw,xinhua,03,chtb_0303.v4_gold_conll,5
nw,xinhua,03,chtb_0304.v4_gold_conll,7
nw,xinhua,03,chtb_0305.v4_gold_conll,12
nw,xinhua,03,chtb_0306.v4_gold_conll,15
nw,xinhua,03,chtb_0307.v4_gold_conll,16
nw,xinhua,03,chtb_0308.v4_gold_conll,23
nw,xinhua,03,chtb_0311.v4_gold_conll,12
nw,xinhua,03,chtb_0312.v4_gold_conll,12
nw,xinhua,03,chtb_0313.v4_gold_conll,9
nw,xinhua,03,chtb_0314.v4_gold_conll,16
nw,xinhua,03,chtb_0315.v4_gold_conll,27
nw,xinhua,03,chtb_0316.v4_gold_conll,18
nw,xinhua,03,chtb_0317.v4_gold_conll,12
nw,xinhua,03,chtb_0318.v4_gold_conll,14
nw,xinhua,03,chtb_0321.v4_gold_conll,9
nw,xinhua,03,chtb_0322.v4_gold_conll,19
nw,xinhua,03,chtb_0323.v4_gold_conll,7
nw,xinhua,03,chtb_0324.v4_gold_conll,16
nw,xinhua,03,chtb_0325.v4_gold_conll,10
pt,nt,40,nt_4001.v4_gold_conll,69
pt,nt,40,nt_4002.v4_gold_conll,55
pt,nt,40,nt_4003.v4_gold_conll,39
pt,nt,40,nt_4004.v4_gold_conll,42
pt,nt,40,nt_4005.v4_gold_conll,96
pt,nt,40,nt_4006.v4_gold_conll,75
pt,nt,40,nt_4007.v4_gold_conll,59
pt,nt,40,nt_4008.v4_gold_conll,76
pt,nt,40,nt_4011.v4_gold_conll,74
pt,nt,40,nt_4012.v4_gold_conll,107
pt,nt,40,nt_4013.v4_gold_conll,126
pt,nt,40,nt_4014.v4_gold_conll,80
pt,nt,40,nt_4015.v4_gold_conll,77
pt,nt,40,nt_4016.v4_gold_conll,69
pt,nt,40,nt_4017.v4_gold_conll,69
pt,nt,40,nt_4018.v4_gold_conll,66
pt,nt,40,nt_4021.v4_gold_conll,116
pt,nt,40,nt_4022.v4_gold_conll,98
pt,nt,40,nt_4023.v4_gold_conll,103
pt,nt,40,nt_4024.v4_gold_conll,99
pt,nt,40,nt_4025.v4_gold_conll,111
pt,nt,40,nt_4026.v4_gold_conll,164
pt,nt,40,nt_4027.v4_gold_conll,115
pt,nt,40,nt_4028.v4_gold_conll,45
pt,nt,41,nt_4101.v4_gold_conll,99
pt,nt,41,nt_4102.v4_gold_conll,69
pt,nt,41,nt_4103.v4_gold_conll,58
pt,nt,41,nt_4104.v4_gold_conll,89
pt,nt,41,nt_4105.v4_gold_conll,95
pt,nt,41,nt_4106.v4_gold_conll,126
pt,nt,41,nt_4107.v4_gold_conll,76
pt,nt,41,nt_4108.v4_gold_conll,89
pt,nt,41,nt_4111.v4_gold_conll,77
pt,nt,41,nt_4112.v4_gold_conll,111
pt,nt,41,nt_4113.v4_gold_conll,83
pt,nt,41,nt_4114.v4_gold_conll,161
pt,nt,41,nt_4115.v4_gold_conll,88
pt,nt,41,nt_4116.v4_gold_conll,48
pt,nt,42,nt_4201.v4_gold_conll,131
pt,nt,42,nt_4202.v4_gold_conll,90
pt,nt,42,nt_4203.v4_gold_conll,126
pt,nt,42,nt_4204.v4_gold_conll,90
pt,nt,42,nt_4205.v4_gold_conll,89
pt,nt,42,nt_4206.v4_gold_conll,112
pt,nt,42,nt_4207.v4_gold_conll,117
pt,nt,42,nt_4208.v4_gold_conll,141
pt,nt,42,nt_4211.v4_gold_conll,126
pt,nt,42,nt_4212.v4_gold_conll,130
pt,nt,42,nt_4213.v4_gold_conll,85
pt,nt,42,nt_4214.v4_gold_conll,69
pt,nt,42,nt_4215.v4_gold_conll,60
pt,nt,42,nt_4216.v4_gold_conll,75
pt,nt,42,nt_4217.v4_gold_conll,74
pt,nt,42,nt_4218.v4_gold_conll,83
pt,nt,42,nt_4221.v4_gold_conll,72
pt,nt,42,nt_4222.v4_gold_conll,134
pt,nt,42,nt_4223.v4_gold_conll,115
pt,nt,42,nt_4224.v4_gold_conll,103
pt,nt,43,nt_4301.v4_gold_conll,105
pt,nt,43,nt_4302.v4_gold_conll,46
pt,nt,43,nt_4303.v4_gold_conll,70
pt,nt,43,nt_4304.v4_gold_conll,103
pt,nt,43,nt_4305.v4_gold_conll,97
pt,nt,43,nt_4306.v4_gold_conll,147
pt,nt,43,nt_4307.v4_gold_conll,108
pt,nt,43,nt_4308.v4_gold_conll,138
pt,nt,43,nt_4311.v4_gold_conll,110
pt,nt,43,nt_4312.v4_gold_conll,112
pt,nt,43,nt_4313.v4_gold_conll,83
pt,nt,43,nt_4314.v4_gold_conll,71
pt,nt,43,nt_4315.v4_gold_conll,56
pt,nt,43,nt_4316.v4_gold_conll,73
pt,nt,43,nt_4317.v4_gold_conll,58
pt,nt,43,nt_4318.v4_gold_conll,91
pt,nt,43,nt_4321.v4_gold_conll,65
pt,nt,44,nt_4401.v4_gold_conll,58
pt,nt,44,nt_4402.v4_gold_conll,103
pt,nt,44,nt_4403.v4_gold_conll,69
pt,nt,44,nt_4404.v4_gold_conll,86
pt,nt,44,nt_4405.v4_gold_conll,100
pt,nt,44,nt_4406.v4_gold_conll,30
pt,nt,44,nt_4407.v4_gold_conll,148
pt,nt,44,nt_4408.v4_gold_conll,84
pt,nt,44,nt_4411.v4_gold_conll,56
pt,nt,44,nt_4412.v4_gold_conll,62
pt,nt,44,nt_4413.v4_gold_conll,108
pt,nt,44,nt_4414.v4_gold_conll,61
pt,nt,44,nt_4415.v4_gold_conll,85
pt,nt,44,nt_4416.v4_gold_conll,82
pt,nt,44,nt_4417.v4_gold_conll,76
pt,nt,44,nt_4418.v4_gold_conll,63
pt,nt,44,nt_4421.v4_gold_conll,92
pt,nt,44,nt_4422.v4_gold_conll,68
pt,nt,44,nt_4423.v4_gold_conll,78
pt,nt,44,nt_4424.v4_gold_conll,53
pt,nt,44,nt_4425.v4_gold_conll,57
pt,nt,44,nt_4426.v4_gold_conll,69
pt,nt,44,nt_4427.v4_gold_conll,92
pt,nt,44,nt_4428.v4_gold_conll,69
pt,nt,45,nt_4501.v4_gold_conll,65
pt,nt,45,nt_4502.v4_gold_conll,68
pt,nt,45,nt_4503.v4_gold_conll,66
pt,nt,45,nt_4504.v4_gold_conll,56
pt,nt,45,nt_4505.v4_gold_conll,51
pt,nt,45,nt_4506.v4_gold_conll,53
pt,nt,45,nt_4507.v4_gold_conll,57
pt,nt,45,nt_4508.v4_gold_conll,90
pt,nt,45,nt_4511.v4_gold_conll,93
pt,nt,45,nt_4512.v4_gold_conll,51
pt,nt,45,nt_4513.v4_gold_conll,40
pt,nt,45,nt_4514.v4_gold_conll,49
pt,nt,45,nt_4515.v4_gold_conll,63
pt,nt,45,nt_4516.v4_gold_conll,57
pt,nt,46,nt_4601.v4_gold_conll,58
pt,nt,46,nt_4602.v4_gold_conll,35
pt,nt,46,nt_4603.v4_gold_conll,49
pt,nt,46,nt_4604.v4_gold_conll,49
pt,nt,46,nt_4605.v4_gold_conll,30
pt,nt,46,nt_4606.v4_gold_conll,43
pt,nt,46,nt_4607.v4_gold_conll,95
pt,nt,46,nt_4608.v4_gold_conll,28
pt,nt,46,nt_4611.v4_gold_conll,61
pt,nt,46,nt_4612.v4_gold_conll,59
pt,nt,46,nt_4613.v4_gold_conll,25
pt,nt,46,nt_4614.v4_gold_conll,79
pt,nt,46,nt_4615.v4_gold_conll,117
pt,nt,46,nt_4616.v4_gold_conll,46
pt,nt,47,nt_4701.v4_gold_conll,51
pt,nt,47,nt_4702.v4_gold_conll,34
pt,nt,47,nt_4703.v4_gold_conll,35
pt,nt,47,nt_4704.v4_gold_conll,37
pt,nt,47,nt_4705.v4_gold_conll,49
pt,nt,47,nt_4706.v4_gold_conll,42
pt,nt,47,nt_4707.v4_gold_conll,45
pt,nt,47,nt_4708.v4_gold_conll,49
pt,nt,47,nt_4711.v4_gold_conll,82
pt,nt,47,nt_4712.v4_gold_conll,52
pt,nt,47,nt_4713.v4_gold_conll,28
pt,nt,48,nt_4801.v4_gold_conll,51
pt,nt,48,nt_4802.v4_gold_conll,56
pt,nt,48,nt_4803.v4_gold_conll,75
pt,nt,48,nt_4804.v4_gold_conll,71
pt,nt,48,nt_4805.v4_gold_conll,43
pt,nt,48,nt_4806.v4_gold_conll,36
pt,nt,49,nt_4901.v4_gold_conll,47
pt,nt,49,nt_4902.v4_gold_conll,48
pt,nt,49,nt_4903.v4_gold_conll,37
pt,nt,49,nt_4904.v4_gold_conll,60
pt,nt,49,nt_4905.v4_gold_conll,53
pt,nt,49,nt_4906.v4_gold_conll,45
pt,nt,50,nt_5001.v4_gold_conll,53
pt,nt,50,nt_5002.v4_gold_conll,53
pt,nt,50,nt_5003.v4_gold_conll,53
pt,nt,50,nt_5004.v4_gold_conll,46
pt,nt,51,nt_5101.v4_gold_conll,60
pt,nt,51,nt_5102.v4_gold_conll,51
pt,nt,51,nt_5103.v4_gold_conll,53
pt,nt,51,nt_5104.v4_gold_conll,40
pt,nt,52,nt_5201.v4_gold_conll,23
pt,nt,52,nt_5202.v4_gold_conll,48
pt,nt,52,nt_5203.v4_gold_conll,30
pt,nt,52,nt_5204.v4_gold_conll,37
pt,nt,52,nt_5205.v4_gold_conll,48
pt,nt,53,nt_5301.v4_gold_conll,28
pt,nt,53,nt_5302.v4_gold_conll,35
pt,nt,53,nt_5303.v4_gold_conll,35
pt,nt,54,nt_5401.v4_gold_conll,45
pt,nt,54,nt_5402.v4_gold_conll,30
pt,nt,54,nt_5403.v4_gold_conll,37
pt,nt,54,nt_5404.v4_gold_conll,37
pt,nt,54,nt_5405.v4_gold_conll,51
pt,nt,54,nt_5406.v4_gold_conll,59
pt,nt,55,nt_5501.v4_gold_conll,45
pt,nt,55,nt_5502.v4_gold_conll,56
pt,nt,55,nt_5503.v4_gold_conll,43
pt,nt,55,nt_5504.v4_gold_conll,60
pt,nt,56,nt_5601.v4_gold_conll,45
pt,nt,56,nt_5602.v4_gold_conll,29
pt,nt,56,nt_5603.v4_gold_conll,36
pt,nt,57,nt_5701.v4_gold_conll,43
pt,nt,58,nt_5801.v4_gold_conll,26
pt,nt,58,nt_5802.v4_gold_conll,45
pt,nt,58,nt_5803.v4_gold_conll,33
pt,nt,58,nt_5804.v4_gold_conll,41
pt,nt,58,nt_5805.v4_gold_conll,31
pt,nt,58,nt_5806.v4_gold_conll,43
pt,nt,58,nt_5807.v4_gold_conll,62
pt,nt,58,nt_5808.v4_gold_conll,26
pt,nt,58,nt_5811.v4_gold_conll,110
pt,nt,58,nt_5812.v4_gold_conll,70
pt,nt,58,nt_5813.v4_gold_conll,57
pt,nt,59,nt_5901.v4_gold_conll,60
pt,nt,59,nt_5902.v4_gold_conll,63
pt,nt,59,nt_5903.v4_gold_conll,47
pt,nt,59,nt_5904.v4_gold_conll,42
pt,nt,59,nt_5905.v4_gold_conll,58
pt,nt,60,nt_6001.v4_gold_conll,61
pt,nt,60,nt_6002.v4_gold_conll,62
pt,nt,60,nt_6003.v4_gold_conll,55
pt,nt,60,nt_6004.v4_gold_conll,43
pt,nt,60,nt_6005.v4_gold_conll,43
pt,nt,61,nt_6101.v4_gold_conll,43
pt,nt,61,nt_6102.v4_gold_conll,71
pt,nt,61,nt_6103.v4_gold_conll,52
pt,nt,62,nt_6201.v4_gold_conll,21
pt,nt,62,nt_6202.v4_gold_conll,69
pt,nt,62,nt_6203.v4_gold_conll,56
pt,nt,62,nt_6204.v4_gold_conll,46
pt,nt,62,nt_6205.v4_gold_conll,47
pt,nt,63,nt_6301.v4_gold_conll,35
pt,nt,64,nt_6401.v4_gold_conll,37
pt,nt,65,nt_6501.v4_gold_conll,70
pt,nt,66,nt_6601.v4_gold_conll,48
pt,nt,66,nt_6602.v4_gold_conll,68
pt,nt,66,nt_6603.v4_gold_conll,69
pt,nt,66,nt_6604.v4_gold_conll,29
pt,nt,66,nt_6605.v4_gold_conll,28
pt,nt,66,nt_6606.v4_gold_conll,46
pt,nt,66,nt_6607.v4_gold_conll,39
pt,nt,66,nt_6608.v4_gold_conll,35
pt,nt,66,nt_6611.v4_gold_conll,57
pt,nt,66,nt_6612.v4_gold_conll,45
pt,nt,66,nt_6613.v4_gold_conll,41
pt,nt,66,nt_6614.v4_gold_conll,53
pt,nt,66,nt_6615.v4_gold_conll,21
pt,nt,66,nt_6616.v4_gold_conll,54
pt,nt,66,nt_6617.v4_gold_conll,50
pt,nt,66,nt_6618.v4_gold_conll,67
pt,nt,66,nt_6621.v4_gold_conll,66
pt,nt,66,nt_6622.v4_gold_conll,51
tc,ch,00,ch_0001.v4_gold_conll,335
tc,ch,00,ch_0002.v4_gold_conll,376
tc,ch,00,ch_0003.v4_gold_conll,265
tc,ch,00,ch_0004.v4_gold_conll,293
tc,ch,00,ch_0005.v4_gold_conll,296
tc,ch,00,ch_0006.v4_gold_conll,268
tc,ch,00,ch_0007.v4_gold_conll,158
tc,ch,00,ch_0008.v4_gold_conll,305
tc,ch,00,ch_0011.v4_gold_conll,383
tc,ch,00,ch_0012.v4_gold_conll,230
tc,ch,00,ch_0013.v4_gold_conll,316
tc,ch,00,ch_0014.v4_gold_conll,427
tc,ch,00,ch_0015.v4_gold_conll,346
tc,ch,00,ch_0016.v4_gold_conll,334
tc,ch,00,ch_0017.v4_gold_conll,243
tc,ch,00,ch_0018.v4_gold_conll,268
tc,ch,00,ch_0021.v4_gold_conll,259
tc,ch,00,ch_0022.v4_gold_conll,374
tc,ch,00,ch_0024.v4_gold_conll,326
tc,ch,00,ch_0025.v4_gold_conll,317
tc,ch,00,ch_0026.v4_gold_conll,309
tc,ch,00,ch_0027.v4_gold_conll,276
tc,ch,00,ch_0028.v4_gold_conll,319
tc,ch,00,ch_0031.v4_gold_conll,427
tc,ch,00,ch_0032.v4_gold_conll,333
tc,ch,00,ch_0033.v4_gold_conll,278
tc,ch,00,ch_0035.v4_gold_conll,289
tc,ch,00,ch_0036.v4_gold_conll,380
tc,ch,00,ch_0037.v4_gold_conll,352
tc,ch,00,ch_0038.v4_gold_conll,320
tc,ch,00,ch_0041.v4_gold_conll,278
tc,ch,00,ch_0042.v4_gold_conll,369
tc,ch,00,ch_0044.v4_gold_conll,216
tc,ch,00,ch_0046.v4_gold_conll,326
tc,ch,00,ch_0047.v4_gold_conll,322
tc,ch,00,ch_0051.v4_gold_conll,249
wb,a2e,00,a2e_0001.v4_gold_conll,13
wb,a2e,00,a2e_0002.v4_gold_conll,31
wb,a2e,00,a2e_0003.v4_gold_conll,94
wb,a2e,00,a2e_0004.v4_gold_conll,141
wb,a2e,00,a2e_0005.v4_gold_conll,210
wb,a2e,00,a2e_0006.v4_gold_conll,92
wb,a2e,00,a2e_0007.v4_gold_conll,42
wb,a2e,00,a2e_0008.v4_gold_conll,79
wb,a2e,00,a2e_0011.v4_gold_conll,82
wb,a2e,00,a2e_0012.v4_gold_conll,73
wb,a2e,00,a2e_0013.v4_gold_conll,25
wb,a2e,00,a2e_0014.v4_gold_conll,54
wb,a2e,00,a2e_0015.v4_gold_conll,153
wb,a2e,00,a2e_0016.v4_gold_conll,24
wb,a2e,00,a2e_0017.v4_gold_conll,15
wb,a2e,00,a2e_0018.v4_gold_conll,61
wb,a2e,00,a2e_0021.v4_gold_conll,83
wb,a2e,00,a2e_0022.v4_gold_conll,194
wb,a2e,00,a2e_0023.v4_gold_conll,69
wb,a2e,00,a2e_0024.v4_gold_conll,173
wb,a2e,00,a2e_0025.v4_gold_conll,228
wb,a2e,00,a2e_0026.v4_gold_conll,48
wb,a2e,00,a2e_0027.v4_gold_conll,67
wb,a2e,00,a2e_0028.v4_gold_conll,47
wb,a2e,00,a2e_0031.v4_gold_conll,52
wb,a2e,00,a2e_0032.v4_gold_conll,58
wb,a2e,00,a2e_0033.v4_gold_conll,66
wb,c2e,00,c2e_0001.v4_gold_conll,25
wb,c2e,00,c2e_0002.v4_gold_conll,35
wb,c2e,00,c2e_0003.v4_gold_conll,15
wb,c2e,00,c2e_0004.v4_gold_conll,54
wb,c2e,00,c2e_0005.v4_gold_conll,29
wb,c2e,00,c2e_0006.v4_gold_conll,83
wb,c2e,00,c2e_0007.v4_gold_conll,26
wb,c2e,00,c2e_0008.v4_gold_conll,12
wb,c2e,00,c2e_0011.v4_gold_conll,43
wb,c2e,00,c2e_0012.v4_gold_conll,89
wb,c2e,00,c2e_0013.v4_gold_conll,33
wb,c2e,00,c2e_0014.v4_gold_conll,44
wb,c2e,00,c2e_0015.v4_gold_conll,40
wb,c2e,00,c2e_0016.v4_gold_conll,42
wb,c2e,00,c2e_0017.v4_gold_conll,44
wb,c2e,00,c2e_0018.v4_gold_conll,29
wb,c2e,00,c2e_0021.v4_gold_conll,55
wb,c2e,00,c2e_0022.v4_gold_conll,77
wb,c2e,00,c2e_0023.v4_gold_conll,63
wb,c2e,00,c2e_0024.v4_gold_conll,48
wb,c2e,00,c2e_0025.v4_gold_conll,14
wb,c2e,00,c2e_0026.v4_gold_conll,115
wb,c2e,00,c2e_0027.v4_gold_conll,66
wb,c2e,00,c2e_0028.v4_gold_conll,15
wb,c2e,00,c2e_0031.v4_gold_conll,41
wb,c2e,00,c2e_0032.v4_gold_conll,27
wb,c2e,00,c2e_0033.v4_gold_conll,32
wb,c2e,00,c2e_0034.v4_gold_conll,27
wb,c2e,00,c2e_0035.v4_gold_conll,35
wb,c2e,00,c2e_0036.v4_gold_conll,68
wb,c2e,00,c2e_0037.v4_gold_conll,18
wb,c2e,00,c2e_0038.v4_gold_conll,36
wb,c2e,00,c2e_0041.v4_gold_conll,10
wb,c2e,00,c2e_0042.v4_gold_conll,26
wb,c2e,00,c2e_0043.v4_gold_conll,83
wb,c2e,00,c2e_0044.v4_gold_conll,15
wb,c2e,00,c2e_0045.v4_gold_conll,5
wb,c2e,00,c2e_0046.v4_gold_conll,12
wb,c2e,00,c2e_0047.v4_gold_conll,37
wb,c2e,00,c2e_0048.v4_gold_conll,14
wb,c2e,00,c2e_0051.v4_gold_conll,28
wb,eng,00,eng_0001.v4_gold_conll,113
wb,eng,00,eng_0002.v4_gold_conll,163
wb,eng,00,eng_0003.v4_gold_conll,244
wb,eng,00,eng_0004.v4_gold_conll,187
wb,eng,00,eng_0005.v4_gold_conll,133
wb,eng,00,eng_0006.v4_gold_conll,93
wb,eng,00,eng_0007.v4_gold_conll,230
wb,eng,00,eng_0008.v4_gold_conll,118
wb,eng,00,eng_0011.v4_gold_conll,90
wb,eng,00,eng_0012.v4_gold_conll,133
wb,eng,00,eng_0013.v4_gold_conll,62
wb,eng,00,eng_0014.v4_gold_conll,150
wb,eng,00,eng_0015.v4_gold_conll,227
wb,eng,00,eng_0016.v4_gold_conll,215
wb,eng,00,eng_0017.v4_gold_conll,369
